2025-01-23 16:38:34,926:WARNING:
'cuml' is a soft dependency and not included in the pycaret installation. Please run: `pip install cuml` to install.
2025-01-23 16:38:34,926:WARNING:
'cuml' is a soft dependency and not included in the pycaret installation. Please run: `pip install cuml` to install.
2025-01-23 16:38:34,926:WARNING:
'cuml' is a soft dependency and not included in the pycaret installation. Please run: `pip install cuml` to install.
2025-01-23 16:38:34,926:WARNING:
'cuml' is a soft dependency and not included in the pycaret installation. Please run: `pip install cuml` to install.
2025-01-23 16:38:36,656:INFO:Initializing load_model()
2025-01-23 16:38:36,656:INFO:load_model(model_name=welcome_survey_clustering_pipeline_v1, platform=None, authentication=None, verbose=True)
2025-01-23 16:38:36,799:WARNING:C:\Users\jaros\AppData\Roaming\Python\Python311\site-packages\pycaret\internal\pipeline.py:148: UserWarning: Version mismatch:
current: {'deps_info': {'pip': '24.2', 'setuptools': '72.1.0', 'pycaret': '3.3.2', 'IPython': '8.27.0', 'ipywidgets': '7.8.1', 'tqdm': '4.66.5', 'numpy': '1.26.4', 'pandas': '1.5.3', 'jinja2': '3.1.5', 'scipy': '1.11.4', 'joblib': '1.4.2', 'sklearn': '1.4.2', 'pyod': '2.0.3', 'imblearn': '0.13.0', 'category_encoders': '2.7.0', 'lightgbm': '4.5.0', 'numba': '0.60.0', 'requests': '2.32.3', 'matplotlib': '3.8.4', 'scikitplot': '0.3.7', 'yellowbrick': '1.5', 'plotly': '5.24.1', 'plotly-resampler': 'Not installed', 'kaleido': '0.2.1', 'schemdraw': '0.15', 'statsmodels': '0.14.2', 'sktime': '0.26.0', 'tbats': '1.1.3', 'pmdarima': '2.0.4', 'psutil': '5.9.0', 'markupsafe': '2.1.3', 'pickle5': 'Not installed', 'cloudpickle': '3.1.1', 'deprecation': '2.1.0', 'xxhash': '3.5.0', 'wurlitzer': 'Not installed'}, 'python': {'version': '3.11.9', 'machine': 'AMD64'}}
pickle: {'deps_info': {'pip': '24.0', 'setuptools': '70.3.0', 'pycaret': '3.3.1', 'IPython': '8.26.0', 'ipywidgets': '8.1.3', 'tqdm': '4.66.5', 'numpy': '1.26.4', 'pandas': '1.5.3', 'jinja2': '3.1.4', 'scipy': '1.11.4', 'joblib': '1.3.2', 'sklearn': '1.4.2', 'pyod': '2.0.1', 'imblearn': '0.12.3', 'category_encoders': '2.6.3', 'lightgbm': '4.5.0', 'numba': '0.60.0', 'requests': '2.32.3', 'matplotlib': '3.8.4', 'scikitplot': '0.3.7', 'yellowbrick': '1.5', 'plotly': '5.23.0', 'plotly-resampler': 'Not installed', 'kaleido': '0.2.1', 'schemdraw': '0.15', 'statsmodels': '0.14.2', 'sktime': '0.26.0', 'tbats': '1.1.3', 'pmdarima': '2.0.4', 'psutil': '6.0.0', 'markupsafe': '2.1.5', 'pickle5': 'Not installed', 'cloudpickle': '3.0.0', 'deprecation': '2.1.0', 'xxhash': '3.4.1', 'wurlitzer': '3.1.1'}, 'python': {'version': '3.11.9', 'machine': 'arm64'}}
  warnings.warn(

2025-01-23 16:38:36,836:INFO:Initializing predict_model()
2025-01-23 16:38:36,836:INFO:predict_model(self=<pycaret.clustering.oop.ClusteringExperiment object at 0x000001F65136FB50>, estimator=Pipeline(memory=Memory(location=None),
         steps=[('numerical_imputer',
                 TransformerWrapper(include=[], transformer=SimpleImputer())),
                ('categorical_imputer',
                 TransformerWrapper(include=['age', 'edu_level', 'fav_animals',
                                             'fav_place', 'gender'],
                                    transformer=SimpleImputer(strategy='most_frequent'))),
                ('ordinal_encoding',
                 TransformerWrapper(include=['gender'],
                                    transfo...
                                                               mapping=[{'col': 'gender',
                                                                         'data_type': dtype('O'),
                                                                         'mapping': Kobieta      0
Mê¿czyzna    1
NaN         -1
dtype: int64}]))),
                ('onehot_encoding',
                 TransformerWrapper(include=['age', 'edu_level', 'fav_animals',
                                             'fav_place'],
                                    transformer=OneHotEncoder(cols=['age',
                                                                    'edu_level',
                                                                    'fav_animals',
                                                                    'fav_place'],
                                                              handle_missing='return_nan',
                                                              use_cat_names=True))),
                ('trained_model', KMeans(random_state=123))]), ml_usecase=None)
2025-01-23 16:38:36,836:INFO:Set up data.
2025-01-23 16:38:37,018:INFO:Initializing predict_model()
2025-01-23 16:38:37,018:INFO:predict_model(self=<pycaret.clustering.oop.ClusteringExperiment object at 0x000001F6510D45D0>, estimator=Pipeline(memory=Memory(location=None),
         steps=[('numerical_imputer',
                 TransformerWrapper(include=[], transformer=SimpleImputer())),
                ('categorical_imputer',
                 TransformerWrapper(include=['age', 'edu_level', 'fav_animals',
                                             'fav_place', 'gender'],
                                    transformer=SimpleImputer(strategy='most_frequent'))),
                ('ordinal_encoding',
                 TransformerWrapper(include=['gender'],
                                    transfo...
                                                               mapping=[{'col': 'gender',
                                                                         'data_type': dtype('O'),
                                                                         'mapping': Kobieta      0
Mê¿czyzna    1
NaN         -1
dtype: int64}]))),
                ('onehot_encoding',
                 TransformerWrapper(include=['age', 'edu_level', 'fav_animals',
                                             'fav_place'],
                                    transformer=OneHotEncoder(cols=['age',
                                                                    'edu_level',
                                                                    'fav_animals',
                                                                    'fav_place'],
                                                              handle_missing='return_nan',
                                                              use_cat_names=True))),
                ('trained_model', KMeans(random_state=123))]), ml_usecase=None)
2025-01-23 16:38:37,018:INFO:Set up data.
2025-01-23 16:41:58,020:WARNING:
'cuml' is a soft dependency and not included in the pycaret installation. Please run: `pip install cuml` to install.
2025-01-23 16:41:58,020:WARNING:
'cuml' is a soft dependency and not included in the pycaret installation. Please run: `pip install cuml` to install.
2025-01-23 16:41:58,020:WARNING:
'cuml' is a soft dependency and not included in the pycaret installation. Please run: `pip install cuml` to install.
2025-01-23 16:41:58,020:WARNING:
'cuml' is a soft dependency and not included in the pycaret installation. Please run: `pip install cuml` to install.
2025-01-23 16:41:59,639:INFO:Initializing load_model()
2025-01-23 16:41:59,639:INFO:load_model(model_name=welcome_survey_clustering_pipeline_v1, platform=None, authentication=None, verbose=True)
2025-01-23 16:41:59,735:WARNING:C:\Users\jaros\AppData\Roaming\Python\Python311\site-packages\pycaret\internal\pipeline.py:148: UserWarning: Version mismatch:
current: {'deps_info': {'pip': '24.2', 'setuptools': '72.1.0', 'pycaret': '3.3.2', 'IPython': '8.27.0', 'ipywidgets': '7.8.1', 'tqdm': '4.66.5', 'numpy': '1.26.4', 'pandas': '1.5.3', 'jinja2': '3.1.5', 'scipy': '1.11.4', 'joblib': '1.4.2', 'sklearn': '1.4.2', 'pyod': '2.0.3', 'imblearn': '0.13.0', 'category_encoders': '2.7.0', 'lightgbm': '4.5.0', 'numba': '0.60.0', 'requests': '2.32.3', 'matplotlib': '3.8.4', 'scikitplot': '0.3.7', 'yellowbrick': '1.5', 'plotly': '5.24.1', 'plotly-resampler': 'Not installed', 'kaleido': '0.2.1', 'schemdraw': '0.15', 'statsmodels': '0.14.2', 'sktime': '0.26.0', 'tbats': '1.1.3', 'pmdarima': '2.0.4', 'psutil': '5.9.0', 'markupsafe': '2.1.3', 'pickle5': 'Not installed', 'cloudpickle': '3.1.1', 'deprecation': '2.1.0', 'xxhash': '3.5.0', 'wurlitzer': 'Not installed'}, 'python': {'version': '3.11.9', 'machine': 'AMD64'}}
pickle: {'deps_info': {'pip': '24.0', 'setuptools': '70.3.0', 'pycaret': '3.3.1', 'IPython': '8.26.0', 'ipywidgets': '8.1.3', 'tqdm': '4.66.5', 'numpy': '1.26.4', 'pandas': '1.5.3', 'jinja2': '3.1.4', 'scipy': '1.11.4', 'joblib': '1.3.2', 'sklearn': '1.4.2', 'pyod': '2.0.1', 'imblearn': '0.12.3', 'category_encoders': '2.6.3', 'lightgbm': '4.5.0', 'numba': '0.60.0', 'requests': '2.32.3', 'matplotlib': '3.8.4', 'scikitplot': '0.3.7', 'yellowbrick': '1.5', 'plotly': '5.23.0', 'plotly-resampler': 'Not installed', 'kaleido': '0.2.1', 'schemdraw': '0.15', 'statsmodels': '0.14.2', 'sktime': '0.26.0', 'tbats': '1.1.3', 'pmdarima': '2.0.4', 'psutil': '6.0.0', 'markupsafe': '2.1.5', 'pickle5': 'Not installed', 'cloudpickle': '3.0.0', 'deprecation': '2.1.0', 'xxhash': '3.4.1', 'wurlitzer': '3.1.1'}, 'python': {'version': '3.11.9', 'machine': 'arm64'}}
  warnings.warn(

2025-01-23 16:41:59,782:INFO:Initializing predict_model()
2025-01-23 16:41:59,782:INFO:predict_model(self=<pycaret.clustering.oop.ClusteringExperiment object at 0x000002782689B850>, estimator=Pipeline(memory=Memory(location=None),
         steps=[('numerical_imputer',
                 TransformerWrapper(include=[], transformer=SimpleImputer())),
                ('categorical_imputer',
                 TransformerWrapper(include=['age', 'edu_level', 'fav_animals',
                                             'fav_place', 'gender'],
                                    transformer=SimpleImputer(strategy='most_frequent'))),
                ('ordinal_encoding',
                 TransformerWrapper(include=['gender'],
                                    transfo...
                                                               mapping=[{'col': 'gender',
                                                                         'data_type': dtype('O'),
                                                                         'mapping': Kobieta      0
Mê¿czyzna    1
NaN         -1
dtype: int64}]))),
                ('onehot_encoding',
                 TransformerWrapper(include=['age', 'edu_level', 'fav_animals',
                                             'fav_place'],
                                    transformer=OneHotEncoder(cols=['age',
                                                                    'edu_level',
                                                                    'fav_animals',
                                                                    'fav_place'],
                                                              handle_missing='return_nan',
                                                              use_cat_names=True))),
                ('trained_model', KMeans(random_state=123))]), ml_usecase=None)
2025-01-23 16:41:59,782:INFO:Set up data.
2025-01-23 16:41:59,956:INFO:Initializing predict_model()
2025-01-23 16:41:59,956:INFO:predict_model(self=<pycaret.clustering.oop.ClusteringExperiment object at 0x000002784B664990>, estimator=Pipeline(memory=Memory(location=None),
         steps=[('numerical_imputer',
                 TransformerWrapper(include=[], transformer=SimpleImputer())),
                ('categorical_imputer',
                 TransformerWrapper(include=['age', 'edu_level', 'fav_animals',
                                             'fav_place', 'gender'],
                                    transformer=SimpleImputer(strategy='most_frequent'))),
                ('ordinal_encoding',
                 TransformerWrapper(include=['gender'],
                                    transfo...
                                                               mapping=[{'col': 'gender',
                                                                         'data_type': dtype('O'),
                                                                         'mapping': Kobieta      0
Mê¿czyzna    1
NaN         -1
dtype: int64}]))),
                ('onehot_encoding',
                 TransformerWrapper(include=['age', 'edu_level', 'fav_animals',
                                             'fav_place'],
                                    transformer=OneHotEncoder(cols=['age',
                                                                    'edu_level',
                                                                    'fav_animals',
                                                                    'fav_place'],
                                                              handle_missing='return_nan',
                                                              use_cat_names=True))),
                ('trained_model', KMeans(random_state=123))]), ml_usecase=None)
2025-01-23 16:41:59,956:INFO:Set up data.
2025-01-23 16:43:14,283:INFO:Initializing predict_model()
2025-01-23 16:43:14,296:INFO:predict_model(self=<pycaret.clustering.oop.ClusteringExperiment object at 0x000002784E981350>, estimator=Pipeline(memory=Memory(location=None),
         steps=[('numerical_imputer',
                 TransformerWrapper(include=[], transformer=SimpleImputer())),
                ('categorical_imputer',
                 TransformerWrapper(include=['age', 'edu_level', 'fav_animals',
                                             'fav_place', 'gender'],
                                    transformer=SimpleImputer(strategy='most_frequent'))),
                ('ordinal_encoding',
                 TransformerWrapper(include=['gender'],
                                    transfo...
                                                               mapping=[{'col': 'gender',
                                                                         'data_type': dtype('O'),
                                                                         'mapping': Kobieta      0
Mê¿czyzna    1
NaN         -1
dtype: int64}]))),
                ('onehot_encoding',
                 TransformerWrapper(include=['age', 'edu_level', 'fav_animals',
                                             'fav_place'],
                                    transformer=OneHotEncoder(cols=['age',
                                                                    'edu_level',
                                                                    'fav_animals',
                                                                    'fav_place'],
                                                              handle_missing='return_nan',
                                                              use_cat_names=True))),
                ('trained_model', KMeans(random_state=123))]), ml_usecase=None)
2025-01-23 16:43:14,296:INFO:Set up data.
2025-01-23 16:46:20,198:WARNING:
'cuml' is a soft dependency and not included in the pycaret installation. Please run: `pip install cuml` to install.
2025-01-23 16:46:20,200:WARNING:
'cuml' is a soft dependency and not included in the pycaret installation. Please run: `pip install cuml` to install.
2025-01-23 16:46:20,200:WARNING:
'cuml' is a soft dependency and not included in the pycaret installation. Please run: `pip install cuml` to install.
2025-01-23 16:46:20,200:WARNING:
'cuml' is a soft dependency and not included in the pycaret installation. Please run: `pip install cuml` to install.
2025-01-23 16:46:21,714:INFO:Initializing load_model()
2025-01-23 16:46:21,714:INFO:load_model(model_name=welcome_survey_clustering_pipeline_v1, platform=None, authentication=None, verbose=True)
2025-01-23 16:46:21,827:WARNING:C:\Users\jaros\AppData\Roaming\Python\Python311\site-packages\pycaret\internal\pipeline.py:148: UserWarning: Version mismatch:
current: {'deps_info': {'pip': '24.2', 'setuptools': '72.1.0', 'pycaret': '3.3.2', 'IPython': '8.27.0', 'ipywidgets': '7.8.1', 'tqdm': '4.66.5', 'numpy': '1.26.4', 'pandas': '1.5.3', 'jinja2': '3.1.5', 'scipy': '1.11.4', 'joblib': '1.4.2', 'sklearn': '1.4.2', 'pyod': '2.0.3', 'imblearn': '0.13.0', 'category_encoders': '2.7.0', 'lightgbm': '4.5.0', 'numba': '0.60.0', 'requests': '2.32.3', 'matplotlib': '3.8.4', 'scikitplot': '0.3.7', 'yellowbrick': '1.5', 'plotly': '5.24.1', 'plotly-resampler': 'Not installed', 'kaleido': '0.2.1', 'schemdraw': '0.15', 'statsmodels': '0.14.2', 'sktime': '0.26.0', 'tbats': '1.1.3', 'pmdarima': '2.0.4', 'psutil': '5.9.0', 'markupsafe': '2.1.3', 'pickle5': 'Not installed', 'cloudpickle': '3.1.1', 'deprecation': '2.1.0', 'xxhash': '3.5.0', 'wurlitzer': 'Not installed'}, 'python': {'version': '3.11.9', 'machine': 'AMD64'}}
pickle: {'deps_info': {'pip': '24.0', 'setuptools': '70.3.0', 'pycaret': '3.3.1', 'IPython': '8.26.0', 'ipywidgets': '8.1.3', 'tqdm': '4.66.5', 'numpy': '1.26.4', 'pandas': '1.5.3', 'jinja2': '3.1.4', 'scipy': '1.11.4', 'joblib': '1.3.2', 'sklearn': '1.4.2', 'pyod': '2.0.1', 'imblearn': '0.12.3', 'category_encoders': '2.6.3', 'lightgbm': '4.5.0', 'numba': '0.60.0', 'requests': '2.32.3', 'matplotlib': '3.8.4', 'scikitplot': '0.3.7', 'yellowbrick': '1.5', 'plotly': '5.23.0', 'plotly-resampler': 'Not installed', 'kaleido': '0.2.1', 'schemdraw': '0.15', 'statsmodels': '0.14.2', 'sktime': '0.26.0', 'tbats': '1.1.3', 'pmdarima': '2.0.4', 'psutil': '6.0.0', 'markupsafe': '2.1.5', 'pickle5': 'Not installed', 'cloudpickle': '3.0.0', 'deprecation': '2.1.0', 'xxhash': '3.4.1', 'wurlitzer': '3.1.1'}, 'python': {'version': '3.11.9', 'machine': 'arm64'}}
  warnings.warn(

2025-01-23 16:46:21,875:INFO:Initializing predict_model()
2025-01-23 16:46:21,875:INFO:predict_model(self=<pycaret.clustering.oop.ClusteringExperiment object at 0x0000024B566BFF90>, estimator=Pipeline(memory=Memory(location=None),
         steps=[('numerical_imputer',
                 TransformerWrapper(include=[], transformer=SimpleImputer())),
                ('categorical_imputer',
                 TransformerWrapper(include=['age', 'edu_level', 'fav_animals',
                                             'fav_place', 'gender'],
                                    transformer=SimpleImputer(strategy='most_frequent'))),
                ('ordinal_encoding',
                 TransformerWrapper(include=['gender'],
                                    transfo...
                                                               mapping=[{'col': 'gender',
                                                                         'data_type': dtype('O'),
                                                                         'mapping': Kobieta      0
Mê¿czyzna    1
NaN         -1
dtype: int64}]))),
                ('onehot_encoding',
                 TransformerWrapper(include=['age', 'edu_level', 'fav_animals',
                                             'fav_place'],
                                    transformer=OneHotEncoder(cols=['age',
                                                                    'edu_level',
                                                                    'fav_animals',
                                                                    'fav_place'],
                                                              handle_missing='return_nan',
                                                              use_cat_names=True))),
                ('trained_model', KMeans(random_state=123))]), ml_usecase=None)
2025-01-23 16:46:21,875:INFO:Set up data.
2025-01-23 16:46:22,054:INFO:Initializing predict_model()
2025-01-23 16:46:22,054:INFO:predict_model(self=<pycaret.clustering.oop.ClusteringExperiment object at 0x0000024B56A14990>, estimator=Pipeline(memory=Memory(location=None),
         steps=[('numerical_imputer',
                 TransformerWrapper(include=[], transformer=SimpleImputer())),
                ('categorical_imputer',
                 TransformerWrapper(include=['age', 'edu_level', 'fav_animals',
                                             'fav_place', 'gender'],
                                    transformer=SimpleImputer(strategy='most_frequent'))),
                ('ordinal_encoding',
                 TransformerWrapper(include=['gender'],
                                    transfo...
                                                               mapping=[{'col': 'gender',
                                                                         'data_type': dtype('O'),
                                                                         'mapping': Kobieta      0
Mê¿czyzna    1
NaN         -1
dtype: int64}]))),
                ('onehot_encoding',
                 TransformerWrapper(include=['age', 'edu_level', 'fav_animals',
                                             'fav_place'],
                                    transformer=OneHotEncoder(cols=['age',
                                                                    'edu_level',
                                                                    'fav_animals',
                                                                    'fav_place'],
                                                              handle_missing='return_nan',
                                                              use_cat_names=True))),
                ('trained_model', KMeans(random_state=123))]), ml_usecase=None)
2025-01-23 16:46:22,054:INFO:Set up data.
2025-01-23 18:35:56,758:WARNING:
'cuml' is a soft dependency and not included in the pycaret installation. Please run: `pip install cuml` to install.
2025-01-23 18:35:56,758:WARNING:
'cuml' is a soft dependency and not included in the pycaret installation. Please run: `pip install cuml` to install.
2025-01-23 18:35:56,758:WARNING:
'cuml' is a soft dependency and not included in the pycaret installation. Please run: `pip install cuml` to install.
2025-01-23 18:35:56,760:WARNING:
'cuml' is a soft dependency and not included in the pycaret installation. Please run: `pip install cuml` to install.
2025-01-23 18:35:58,371:INFO:Initializing load_model()
2025-01-23 18:35:58,371:INFO:load_model(model_name=welcome_survey_clustering_pipeline_v1, platform=None, authentication=None, verbose=True)
2025-01-23 18:35:58,505:INFO:Initializing predict_model()
2025-01-23 18:35:58,505:INFO:predict_model(self=<pycaret.clustering.oop.ClusteringExperiment object at 0x0000022A8C9943D0>, estimator=Pipeline(memory=Memory(location=None),
         steps=[('numerical_imputer',
                 TransformerWrapper(include=[], transformer=SimpleImputer())),
                ('categorical_imputer',
                 TransformerWrapper(include=['age', 'edu_level', 'fav_animals',
                                             'fav_place', 'gender'],
                                    transformer=SimpleImputer(strategy='most_frequent'))),
                ('ordinal_encoding',
                 TransformerWrapper(include=['gender'],
                                    transfo...
                                                               mapping=[{'col': 'gender',
                                                                         'data_type': dtype('O'),
                                                                         'mapping': Kobieta      0
Mê¿czyzna    1
NaN         -1
dtype: int64}]))),
                ('onehot_encoding',
                 TransformerWrapper(include=['age', 'edu_level', 'fav_animals',
                                             'fav_place'],
                                    transformer=OneHotEncoder(cols=['age',
                                                                    'edu_level',
                                                                    'fav_animals',
                                                                    'fav_place'],
                                                              handle_missing='return_nan',
                                                              use_cat_names=True))),
                ('trained_model', KMeans(random_state=123))]), ml_usecase=None)
2025-01-23 18:35:58,505:INFO:Set up data.
2025-01-23 18:35:58,677:INFO:Initializing predict_model()
2025-01-23 18:35:58,677:INFO:predict_model(self=<pycaret.clustering.oop.ClusteringExperiment object at 0x0000022AA1CBEF10>, estimator=Pipeline(memory=Memory(location=None),
         steps=[('numerical_imputer',
                 TransformerWrapper(include=[], transformer=SimpleImputer())),
                ('categorical_imputer',
                 TransformerWrapper(include=['age', 'edu_level', 'fav_animals',
                                             'fav_place', 'gender'],
                                    transformer=SimpleImputer(strategy='most_frequent'))),
                ('ordinal_encoding',
                 TransformerWrapper(include=['gender'],
                                    transfo...
                                                               mapping=[{'col': 'gender',
                                                                         'data_type': dtype('O'),
                                                                         'mapping': Kobieta      0
Mê¿czyzna    1
NaN         -1
dtype: int64}]))),
                ('onehot_encoding',
                 TransformerWrapper(include=['age', 'edu_level', 'fav_animals',
                                             'fav_place'],
                                    transformer=OneHotEncoder(cols=['age',
                                                                    'edu_level',
                                                                    'fav_animals',
                                                                    'fav_place'],
                                                              handle_missing='return_nan',
                                                              use_cat_names=True))),
                ('trained_model', KMeans(random_state=123))]), ml_usecase=None)
2025-01-23 18:35:58,677:INFO:Set up data.
2025-01-23 18:36:14,125:INFO:Initializing predict_model()
2025-01-23 18:36:14,125:INFO:predict_model(self=<pycaret.clustering.oop.ClusteringExperiment object at 0x0000022AA41CE690>, estimator=Pipeline(memory=Memory(location=None),
         steps=[('numerical_imputer',
                 TransformerWrapper(include=[], transformer=SimpleImputer())),
                ('categorical_imputer',
                 TransformerWrapper(include=['age', 'edu_level', 'fav_animals',
                                             'fav_place', 'gender'],
                                    transformer=SimpleImputer(strategy='most_frequent'))),
                ('ordinal_encoding',
                 TransformerWrapper(include=['gender'],
                                    transfo...
                                                               mapping=[{'col': 'gender',
                                                                         'data_type': dtype('O'),
                                                                         'mapping': Kobieta      0
Mê¿czyzna    1
NaN         -1
dtype: int64}]))),
                ('onehot_encoding',
                 TransformerWrapper(include=['age', 'edu_level', 'fav_animals',
                                             'fav_place'],
                                    transformer=OneHotEncoder(cols=['age',
                                                                    'edu_level',
                                                                    'fav_animals',
                                                                    'fav_place'],
                                                              handle_missing='return_nan',
                                                              use_cat_names=True))),
                ('trained_model', KMeans(random_state=123))]), ml_usecase=None)
2025-01-23 18:36:14,125:INFO:Set up data.
2025-01-23 18:36:21,847:INFO:Initializing predict_model()
2025-01-23 18:36:21,847:INFO:predict_model(self=<pycaret.clustering.oop.ClusteringExperiment object at 0x0000022AA409D710>, estimator=Pipeline(memory=Memory(location=None),
         steps=[('numerical_imputer',
                 TransformerWrapper(include=[], transformer=SimpleImputer())),
                ('categorical_imputer',
                 TransformerWrapper(include=['age', 'edu_level', 'fav_animals',
                                             'fav_place', 'gender'],
                                    transformer=SimpleImputer(strategy='most_frequent'))),
                ('ordinal_encoding',
                 TransformerWrapper(include=['gender'],
                                    transfo...
                                                               mapping=[{'col': 'gender',
                                                                         'data_type': dtype('O'),
                                                                         'mapping': Kobieta      0
Mê¿czyzna    1
NaN         -1
dtype: int64}]))),
                ('onehot_encoding',
                 TransformerWrapper(include=['age', 'edu_level', 'fav_animals',
                                             'fav_place'],
                                    transformer=OneHotEncoder(cols=['age',
                                                                    'edu_level',
                                                                    'fav_animals',
                                                                    'fav_place'],
                                                              handle_missing='return_nan',
                                                              use_cat_names=True))),
                ('trained_model', KMeans(random_state=123))]), ml_usecase=None)
2025-01-23 18:36:21,847:INFO:Set up data.
2025-01-23 18:36:35,721:INFO:Initializing predict_model()
2025-01-23 18:36:35,721:INFO:predict_model(self=<pycaret.clustering.oop.ClusteringExperiment object at 0x0000022AA1AAFE10>, estimator=Pipeline(memory=Memory(location=None),
         steps=[('numerical_imputer',
                 TransformerWrapper(include=[], transformer=SimpleImputer())),
                ('categorical_imputer',
                 TransformerWrapper(include=['age', 'edu_level', 'fav_animals',
                                             'fav_place', 'gender'],
                                    transformer=SimpleImputer(strategy='most_frequent'))),
                ('ordinal_encoding',
                 TransformerWrapper(include=['gender'],
                                    transfo...
                                                               mapping=[{'col': 'gender',
                                                                         'data_type': dtype('O'),
                                                                         'mapping': Kobieta      0
Mê¿czyzna    1
NaN         -1
dtype: int64}]))),
                ('onehot_encoding',
                 TransformerWrapper(include=['age', 'edu_level', 'fav_animals',
                                             'fav_place'],
                                    transformer=OneHotEncoder(cols=['age',
                                                                    'edu_level',
                                                                    'fav_animals',
                                                                    'fav_place'],
                                                              handle_missing='return_nan',
                                                              use_cat_names=True))),
                ('trained_model', KMeans(random_state=123))]), ml_usecase=None)
2025-01-23 18:36:35,721:INFO:Set up data.
2025-01-23 18:36:44,141:INFO:Initializing predict_model()
2025-01-23 18:36:44,141:INFO:predict_model(self=<pycaret.clustering.oop.ClusteringExperiment object at 0x0000022AA1AC0C50>, estimator=Pipeline(memory=Memory(location=None),
         steps=[('numerical_imputer',
                 TransformerWrapper(include=[], transformer=SimpleImputer())),
                ('categorical_imputer',
                 TransformerWrapper(include=['age', 'edu_level', 'fav_animals',
                                             'fav_place', 'gender'],
                                    transformer=SimpleImputer(strategy='most_frequent'))),
                ('ordinal_encoding',
                 TransformerWrapper(include=['gender'],
                                    transfo...
                                                               mapping=[{'col': 'gender',
                                                                         'data_type': dtype('O'),
                                                                         'mapping': Kobieta      0
Mê¿czyzna    1
NaN         -1
dtype: int64}]))),
                ('onehot_encoding',
                 TransformerWrapper(include=['age', 'edu_level', 'fav_animals',
                                             'fav_place'],
                                    transformer=OneHotEncoder(cols=['age',
                                                                    'edu_level',
                                                                    'fav_animals',
                                                                    'fav_place'],
                                                              handle_missing='return_nan',
                                                              use_cat_names=True))),
                ('trained_model', KMeans(random_state=123))]), ml_usecase=None)
2025-01-23 18:36:44,141:INFO:Set up data.
2025-01-23 18:36:50,080:INFO:Initializing predict_model()
2025-01-23 18:36:50,080:INFO:predict_model(self=<pycaret.clustering.oop.ClusteringExperiment object at 0x0000022AA1AC1150>, estimator=Pipeline(memory=Memory(location=None),
         steps=[('numerical_imputer',
                 TransformerWrapper(include=[], transformer=SimpleImputer())),
                ('categorical_imputer',
                 TransformerWrapper(include=['age', 'edu_level', 'fav_animals',
                                             'fav_place', 'gender'],
                                    transformer=SimpleImputer(strategy='most_frequent'))),
                ('ordinal_encoding',
                 TransformerWrapper(include=['gender'],
                                    transfo...
                                                               mapping=[{'col': 'gender',
                                                                         'data_type': dtype('O'),
                                                                         'mapping': Kobieta      0
Mê¿czyzna    1
NaN         -1
dtype: int64}]))),
                ('onehot_encoding',
                 TransformerWrapper(include=['age', 'edu_level', 'fav_animals',
                                             'fav_place'],
                                    transformer=OneHotEncoder(cols=['age',
                                                                    'edu_level',
                                                                    'fav_animals',
                                                                    'fav_place'],
                                                              handle_missing='return_nan',
                                                              use_cat_names=True))),
                ('trained_model', KMeans(random_state=123))]), ml_usecase=None)
2025-01-23 18:36:50,080:INFO:Set up data.
2025-01-23 18:36:56,388:INFO:Initializing predict_model()
2025-01-23 18:36:56,388:INFO:predict_model(self=<pycaret.clustering.oop.ClusteringExperiment object at 0x0000022AA5273610>, estimator=Pipeline(memory=Memory(location=None),
         steps=[('numerical_imputer',
                 TransformerWrapper(include=[], transformer=SimpleImputer())),
                ('categorical_imputer',
                 TransformerWrapper(include=['age', 'edu_level', 'fav_animals',
                                             'fav_place', 'gender'],
                                    transformer=SimpleImputer(strategy='most_frequent'))),
                ('ordinal_encoding',
                 TransformerWrapper(include=['gender'],
                                    transfo...
                                                               mapping=[{'col': 'gender',
                                                                         'data_type': dtype('O'),
                                                                         'mapping': Kobieta      0
Mê¿czyzna    1
NaN         -1
dtype: int64}]))),
                ('onehot_encoding',
                 TransformerWrapper(include=['age', 'edu_level', 'fav_animals',
                                             'fav_place'],
                                    transformer=OneHotEncoder(cols=['age',
                                                                    'edu_level',
                                                                    'fav_animals',
                                                                    'fav_place'],
                                                              handle_missing='return_nan',
                                                              use_cat_names=True))),
                ('trained_model', KMeans(random_state=123))]), ml_usecase=None)
2025-01-23 18:36:56,388:INFO:Set up data.
2025-01-23 18:37:12,302:INFO:Initializing predict_model()
2025-01-23 18:37:12,302:INFO:predict_model(self=<pycaret.clustering.oop.ClusteringExperiment object at 0x0000022AA52324D0>, estimator=Pipeline(memory=Memory(location=None),
         steps=[('numerical_imputer',
                 TransformerWrapper(include=[], transformer=SimpleImputer())),
                ('categorical_imputer',
                 TransformerWrapper(include=['age', 'edu_level', 'fav_animals',
                                             'fav_place', 'gender'],
                                    transformer=SimpleImputer(strategy='most_frequent'))),
                ('ordinal_encoding',
                 TransformerWrapper(include=['gender'],
                                    transfo...
                                                               mapping=[{'col': 'gender',
                                                                         'data_type': dtype('O'),
                                                                         'mapping': Kobieta      0
Mê¿czyzna    1
NaN         -1
dtype: int64}]))),
                ('onehot_encoding',
                 TransformerWrapper(include=['age', 'edu_level', 'fav_animals',
                                             'fav_place'],
                                    transformer=OneHotEncoder(cols=['age',
                                                                    'edu_level',
                                                                    'fav_animals',
                                                                    'fav_place'],
                                                              handle_missing='return_nan',
                                                              use_cat_names=True))),
                ('trained_model', KMeans(random_state=123))]), ml_usecase=None)
2025-01-23 18:37:12,302:INFO:Set up data.
2025-01-23 18:37:26,212:INFO:Initializing predict_model()
2025-01-23 18:37:26,226:INFO:predict_model(self=<pycaret.clustering.oop.ClusteringExperiment object at 0x0000022AA5286390>, estimator=Pipeline(memory=Memory(location=None),
         steps=[('numerical_imputer',
                 TransformerWrapper(include=[], transformer=SimpleImputer())),
                ('categorical_imputer',
                 TransformerWrapper(include=['age', 'edu_level', 'fav_animals',
                                             'fav_place', 'gender'],
                                    transformer=SimpleImputer(strategy='most_frequent'))),
                ('ordinal_encoding',
                 TransformerWrapper(include=['gender'],
                                    transfo...
                                                               mapping=[{'col': 'gender',
                                                                         'data_type': dtype('O'),
                                                                         'mapping': Kobieta      0
Mê¿czyzna    1
NaN         -1
dtype: int64}]))),
                ('onehot_encoding',
                 TransformerWrapper(include=['age', 'edu_level', 'fav_animals',
                                             'fav_place'],
                                    transformer=OneHotEncoder(cols=['age',
                                                                    'edu_level',
                                                                    'fav_animals',
                                                                    'fav_place'],
                                                              handle_missing='return_nan',
                                                              use_cat_names=True))),
                ('trained_model', KMeans(random_state=123))]), ml_usecase=None)
2025-01-23 18:37:26,226:INFO:Set up data.
2025-01-23 18:37:29,552:INFO:Initializing predict_model()
2025-01-23 18:37:29,552:INFO:predict_model(self=<pycaret.clustering.oop.ClusteringExperiment object at 0x0000022AA4134410>, estimator=Pipeline(memory=Memory(location=None),
         steps=[('numerical_imputer',
                 TransformerWrapper(include=[], transformer=SimpleImputer())),
                ('categorical_imputer',
                 TransformerWrapper(include=['age', 'edu_level', 'fav_animals',
                                             'fav_place', 'gender'],
                                    transformer=SimpleImputer(strategy='most_frequent'))),
                ('ordinal_encoding',
                 TransformerWrapper(include=['gender'],
                                    transfo...
                                                               mapping=[{'col': 'gender',
                                                                         'data_type': dtype('O'),
                                                                         'mapping': Kobieta      0
Mê¿czyzna    1
NaN         -1
dtype: int64}]))),
                ('onehot_encoding',
                 TransformerWrapper(include=['age', 'edu_level', 'fav_animals',
                                             'fav_place'],
                                    transformer=OneHotEncoder(cols=['age',
                                                                    'edu_level',
                                                                    'fav_animals',
                                                                    'fav_place'],
                                                              handle_missing='return_nan',
                                                              use_cat_names=True))),
                ('trained_model', KMeans(random_state=123))]), ml_usecase=None)
2025-01-23 18:37:29,552:INFO:Set up data.
2025-01-23 18:37:35,438:INFO:Initializing predict_model()
2025-01-23 18:37:35,438:INFO:predict_model(self=<pycaret.clustering.oop.ClusteringExperiment object at 0x0000022AA1CBF810>, estimator=Pipeline(memory=Memory(location=None),
         steps=[('numerical_imputer',
                 TransformerWrapper(include=[], transformer=SimpleImputer())),
                ('categorical_imputer',
                 TransformerWrapper(include=['age', 'edu_level', 'fav_animals',
                                             'fav_place', 'gender'],
                                    transformer=SimpleImputer(strategy='most_frequent'))),
                ('ordinal_encoding',
                 TransformerWrapper(include=['gender'],
                                    transfo...
                                                               mapping=[{'col': 'gender',
                                                                         'data_type': dtype('O'),
                                                                         'mapping': Kobieta      0
Mê¿czyzna    1
NaN         -1
dtype: int64}]))),
                ('onehot_encoding',
                 TransformerWrapper(include=['age', 'edu_level', 'fav_animals',
                                             'fav_place'],
                                    transformer=OneHotEncoder(cols=['age',
                                                                    'edu_level',
                                                                    'fav_animals',
                                                                    'fav_place'],
                                                              handle_missing='return_nan',
                                                              use_cat_names=True))),
                ('trained_model', KMeans(random_state=123))]), ml_usecase=None)
2025-01-23 18:37:35,438:INFO:Set up data.
2025-01-23 18:37:38,222:INFO:Initializing predict_model()
2025-01-23 18:37:38,222:INFO:predict_model(self=<pycaret.clustering.oop.ClusteringExperiment object at 0x0000022AA1ADFFD0>, estimator=Pipeline(memory=Memory(location=None),
         steps=[('numerical_imputer',
                 TransformerWrapper(include=[], transformer=SimpleImputer())),
                ('categorical_imputer',
                 TransformerWrapper(include=['age', 'edu_level', 'fav_animals',
                                             'fav_place', 'gender'],
                                    transformer=SimpleImputer(strategy='most_frequent'))),
                ('ordinal_encoding',
                 TransformerWrapper(include=['gender'],
                                    transfo...
                                                               mapping=[{'col': 'gender',
                                                                         'data_type': dtype('O'),
                                                                         'mapping': Kobieta      0
Mê¿czyzna    1
NaN         -1
dtype: int64}]))),
                ('onehot_encoding',
                 TransformerWrapper(include=['age', 'edu_level', 'fav_animals',
                                             'fav_place'],
                                    transformer=OneHotEncoder(cols=['age',
                                                                    'edu_level',
                                                                    'fav_animals',
                                                                    'fav_place'],
                                                              handle_missing='return_nan',
                                                              use_cat_names=True))),
                ('trained_model', KMeans(random_state=123))]), ml_usecase=None)
2025-01-23 18:37:38,222:INFO:Set up data.
2025-01-23 18:37:55,133:INFO:Initializing predict_model()
2025-01-23 18:37:55,133:INFO:predict_model(self=<pycaret.clustering.oop.ClusteringExperiment object at 0x0000022AA1EC0950>, estimator=Pipeline(memory=Memory(location=None),
         steps=[('numerical_imputer',
                 TransformerWrapper(include=[], transformer=SimpleImputer())),
                ('categorical_imputer',
                 TransformerWrapper(include=['age', 'edu_level', 'fav_animals',
                                             'fav_place', 'gender'],
                                    transformer=SimpleImputer(strategy='most_frequent'))),
                ('ordinal_encoding',
                 TransformerWrapper(include=['gender'],
                                    transfo...
                                                               mapping=[{'col': 'gender',
                                                                         'data_type': dtype('O'),
                                                                         'mapping': Kobieta      0
Mê¿czyzna    1
NaN         -1
dtype: int64}]))),
                ('onehot_encoding',
                 TransformerWrapper(include=['age', 'edu_level', 'fav_animals',
                                             'fav_place'],
                                    transformer=OneHotEncoder(cols=['age',
                                                                    'edu_level',
                                                                    'fav_animals',
                                                                    'fav_place'],
                                                              handle_missing='return_nan',
                                                              use_cat_names=True))),
                ('trained_model', KMeans(random_state=123))]), ml_usecase=None)
2025-01-23 18:37:55,133:INFO:Set up data.
2025-01-23 18:37:59,540:INFO:Initializing predict_model()
2025-01-23 18:37:59,540:INFO:predict_model(self=<pycaret.clustering.oop.ClusteringExperiment object at 0x0000022AA40C6B90>, estimator=Pipeline(memory=Memory(location=None),
         steps=[('numerical_imputer',
                 TransformerWrapper(include=[], transformer=SimpleImputer())),
                ('categorical_imputer',
                 TransformerWrapper(include=['age', 'edu_level', 'fav_animals',
                                             'fav_place', 'gender'],
                                    transformer=SimpleImputer(strategy='most_frequent'))),
                ('ordinal_encoding',
                 TransformerWrapper(include=['gender'],
                                    transfo...
                                                               mapping=[{'col': 'gender',
                                                                         'data_type': dtype('O'),
                                                                         'mapping': Kobieta      0
Mê¿czyzna    1
NaN         -1
dtype: int64}]))),
                ('onehot_encoding',
                 TransformerWrapper(include=['age', 'edu_level', 'fav_animals',
                                             'fav_place'],
                                    transformer=OneHotEncoder(cols=['age',
                                                                    'edu_level',
                                                                    'fav_animals',
                                                                    'fav_place'],
                                                              handle_missing='return_nan',
                                                              use_cat_names=True))),
                ('trained_model', KMeans(random_state=123))]), ml_usecase=None)
2025-01-23 18:37:59,540:INFO:Set up data.
2025-01-23 18:38:03,514:INFO:Initializing predict_model()
2025-01-23 18:38:03,514:INFO:predict_model(self=<pycaret.clustering.oop.ClusteringExperiment object at 0x0000022AA5235650>, estimator=Pipeline(memory=Memory(location=None),
         steps=[('numerical_imputer',
                 TransformerWrapper(include=[], transformer=SimpleImputer())),
                ('categorical_imputer',
                 TransformerWrapper(include=['age', 'edu_level', 'fav_animals',
                                             'fav_place', 'gender'],
                                    transformer=SimpleImputer(strategy='most_frequent'))),
                ('ordinal_encoding',
                 TransformerWrapper(include=['gender'],
                                    transfo...
                                                               mapping=[{'col': 'gender',
                                                                         'data_type': dtype('O'),
                                                                         'mapping': Kobieta      0
Mê¿czyzna    1
NaN         -1
dtype: int64}]))),
                ('onehot_encoding',
                 TransformerWrapper(include=['age', 'edu_level', 'fav_animals',
                                             'fav_place'],
                                    transformer=OneHotEncoder(cols=['age',
                                                                    'edu_level',
                                                                    'fav_animals',
                                                                    'fav_place'],
                                                              handle_missing='return_nan',
                                                              use_cat_names=True))),
                ('trained_model', KMeans(random_state=123))]), ml_usecase=None)
2025-01-23 18:38:03,514:INFO:Set up data.
2025-01-23 18:38:10,089:INFO:Initializing predict_model()
2025-01-23 18:38:10,089:INFO:predict_model(self=<pycaret.clustering.oop.ClusteringExperiment object at 0x0000022AFBEDBF90>, estimator=Pipeline(memory=Memory(location=None),
         steps=[('numerical_imputer',
                 TransformerWrapper(include=[], transformer=SimpleImputer())),
                ('categorical_imputer',
                 TransformerWrapper(include=['age', 'edu_level', 'fav_animals',
                                             'fav_place', 'gender'],
                                    transformer=SimpleImputer(strategy='most_frequent'))),
                ('ordinal_encoding',
                 TransformerWrapper(include=['gender'],
                                    transfo...
                                                               mapping=[{'col': 'gender',
                                                                         'data_type': dtype('O'),
                                                                         'mapping': Kobieta      0
Mê¿czyzna    1
NaN         -1
dtype: int64}]))),
                ('onehot_encoding',
                 TransformerWrapper(include=['age', 'edu_level', 'fav_animals',
                                             'fav_place'],
                                    transformer=OneHotEncoder(cols=['age',
                                                                    'edu_level',
                                                                    'fav_animals',
                                                                    'fav_place'],
                                                              handle_missing='return_nan',
                                                              use_cat_names=True))),
                ('trained_model', KMeans(random_state=123))]), ml_usecase=None)
2025-01-23 18:38:10,089:INFO:Set up data.
2025-01-23 18:38:12,840:INFO:Initializing predict_model()
2025-01-23 18:38:12,840:INFO:predict_model(self=<pycaret.clustering.oop.ClusteringExperiment object at 0x0000022AA1AE5E50>, estimator=Pipeline(memory=Memory(location=None),
         steps=[('numerical_imputer',
                 TransformerWrapper(include=[], transformer=SimpleImputer())),
                ('categorical_imputer',
                 TransformerWrapper(include=['age', 'edu_level', 'fav_animals',
                                             'fav_place', 'gender'],
                                    transformer=SimpleImputer(strategy='most_frequent'))),
                ('ordinal_encoding',
                 TransformerWrapper(include=['gender'],
                                    transfo...
                                                               mapping=[{'col': 'gender',
                                                                         'data_type': dtype('O'),
                                                                         'mapping': Kobieta      0
Mê¿czyzna    1
NaN         -1
dtype: int64}]))),
                ('onehot_encoding',
                 TransformerWrapper(include=['age', 'edu_level', 'fav_animals',
                                             'fav_place'],
                                    transformer=OneHotEncoder(cols=['age',
                                                                    'edu_level',
                                                                    'fav_animals',
                                                                    'fav_place'],
                                                              handle_missing='return_nan',
                                                              use_cat_names=True))),
                ('trained_model', KMeans(random_state=123))]), ml_usecase=None)
2025-01-23 18:38:12,840:INFO:Set up data.
2025-01-23 18:38:15,701:INFO:Initializing predict_model()
2025-01-23 18:38:15,701:INFO:predict_model(self=<pycaret.clustering.oop.ClusteringExperiment object at 0x0000022AA1F13ED0>, estimator=Pipeline(memory=Memory(location=None),
         steps=[('numerical_imputer',
                 TransformerWrapper(include=[], transformer=SimpleImputer())),
                ('categorical_imputer',
                 TransformerWrapper(include=['age', 'edu_level', 'fav_animals',
                                             'fav_place', 'gender'],
                                    transformer=SimpleImputer(strategy='most_frequent'))),
                ('ordinal_encoding',
                 TransformerWrapper(include=['gender'],
                                    transfo...
                                                               mapping=[{'col': 'gender',
                                                                         'data_type': dtype('O'),
                                                                         'mapping': Kobieta      0
Mê¿czyzna    1
NaN         -1
dtype: int64}]))),
                ('onehot_encoding',
                 TransformerWrapper(include=['age', 'edu_level', 'fav_animals',
                                             'fav_place'],
                                    transformer=OneHotEncoder(cols=['age',
                                                                    'edu_level',
                                                                    'fav_animals',
                                                                    'fav_place'],
                                                              handle_missing='return_nan',
                                                              use_cat_names=True))),
                ('trained_model', KMeans(random_state=123))]), ml_usecase=None)
2025-01-23 18:38:15,701:INFO:Set up data.
2025-01-23 18:38:19,795:INFO:Initializing predict_model()
2025-01-23 18:38:19,795:INFO:predict_model(self=<pycaret.clustering.oop.ClusteringExperiment object at 0x0000022AA40C7B10>, estimator=Pipeline(memory=Memory(location=None),
         steps=[('numerical_imputer',
                 TransformerWrapper(include=[], transformer=SimpleImputer())),
                ('categorical_imputer',
                 TransformerWrapper(include=['age', 'edu_level', 'fav_animals',
                                             'fav_place', 'gender'],
                                    transformer=SimpleImputer(strategy='most_frequent'))),
                ('ordinal_encoding',
                 TransformerWrapper(include=['gender'],
                                    transfo...
                                                               mapping=[{'col': 'gender',
                                                                         'data_type': dtype('O'),
                                                                         'mapping': Kobieta      0
Mê¿czyzna    1
NaN         -1
dtype: int64}]))),
                ('onehot_encoding',
                 TransformerWrapper(include=['age', 'edu_level', 'fav_animals',
                                             'fav_place'],
                                    transformer=OneHotEncoder(cols=['age',
                                                                    'edu_level',
                                                                    'fav_animals',
                                                                    'fav_place'],
                                                              handle_missing='return_nan',
                                                              use_cat_names=True))),
                ('trained_model', KMeans(random_state=123))]), ml_usecase=None)
2025-01-23 18:38:19,795:INFO:Set up data.
2025-01-23 18:38:29,488:INFO:Initializing predict_model()
2025-01-23 18:38:29,488:INFO:predict_model(self=<pycaret.clustering.oop.ClusteringExperiment object at 0x0000022AA41E4050>, estimator=Pipeline(memory=Memory(location=None),
         steps=[('numerical_imputer',
                 TransformerWrapper(include=[], transformer=SimpleImputer())),
                ('categorical_imputer',
                 TransformerWrapper(include=['age', 'edu_level', 'fav_animals',
                                             'fav_place', 'gender'],
                                    transformer=SimpleImputer(strategy='most_frequent'))),
                ('ordinal_encoding',
                 TransformerWrapper(include=['gender'],
                                    transfo...
                                                               mapping=[{'col': 'gender',
                                                                         'data_type': dtype('O'),
                                                                         'mapping': Kobieta      0
Mê¿czyzna    1
NaN         -1
dtype: int64}]))),
                ('onehot_encoding',
                 TransformerWrapper(include=['age', 'edu_level', 'fav_animals',
                                             'fav_place'],
                                    transformer=OneHotEncoder(cols=['age',
                                                                    'edu_level',
                                                                    'fav_animals',
                                                                    'fav_place'],
                                                              handle_missing='return_nan',
                                                              use_cat_names=True))),
                ('trained_model', KMeans(random_state=123))]), ml_usecase=None)
2025-01-23 18:38:29,488:INFO:Set up data.
2025-01-23 18:38:32,831:INFO:Initializing predict_model()
2025-01-23 18:38:32,831:INFO:predict_model(self=<pycaret.clustering.oop.ClusteringExperiment object at 0x0000022AA4134710>, estimator=Pipeline(memory=Memory(location=None),
         steps=[('numerical_imputer',
                 TransformerWrapper(include=[], transformer=SimpleImputer())),
                ('categorical_imputer',
                 TransformerWrapper(include=['age', 'edu_level', 'fav_animals',
                                             'fav_place', 'gender'],
                                    transformer=SimpleImputer(strategy='most_frequent'))),
                ('ordinal_encoding',
                 TransformerWrapper(include=['gender'],
                                    transfo...
                                                               mapping=[{'col': 'gender',
                                                                         'data_type': dtype('O'),
                                                                         'mapping': Kobieta      0
Mê¿czyzna    1
NaN         -1
dtype: int64}]))),
                ('onehot_encoding',
                 TransformerWrapper(include=['age', 'edu_level', 'fav_animals',
                                             'fav_place'],
                                    transformer=OneHotEncoder(cols=['age',
                                                                    'edu_level',
                                                                    'fav_animals',
                                                                    'fav_place'],
                                                              handle_missing='return_nan',
                                                              use_cat_names=True))),
                ('trained_model', KMeans(random_state=123))]), ml_usecase=None)
2025-01-23 18:38:32,831:INFO:Set up data.
2025-01-23 19:02:03,979:INFO:Initializing predict_model()
2025-01-23 19:02:03,979:INFO:predict_model(self=<pycaret.clustering.oop.ClusteringExperiment object at 0x0000022AA1F08110>, estimator=Pipeline(memory=Memory(location=None),
         steps=[('numerical_imputer',
                 TransformerWrapper(include=[], transformer=SimpleImputer())),
                ('categorical_imputer',
                 TransformerWrapper(include=['age', 'edu_level', 'fav_animals',
                                             'fav_place', 'gender'],
                                    transformer=SimpleImputer(strategy='most_frequent'))),
                ('ordinal_encoding',
                 TransformerWrapper(include=['gender'],
                                    transfo...
                                                               mapping=[{'col': 'gender',
                                                                         'data_type': dtype('O'),
                                                                         'mapping': Kobieta      0
Mê¿czyzna    1
NaN         -1
dtype: int64}]))),
                ('onehot_encoding',
                 TransformerWrapper(include=['age', 'edu_level', 'fav_animals',
                                             'fav_place'],
                                    transformer=OneHotEncoder(cols=['age',
                                                                    'edu_level',
                                                                    'fav_animals',
                                                                    'fav_place'],
                                                              handle_missing='return_nan',
                                                              use_cat_names=True))),
                ('trained_model', KMeans(random_state=123))]), ml_usecase=None)
2025-01-23 19:02:03,979:INFO:Set up data.
2025-01-23 19:02:08,676:INFO:Initializing predict_model()
2025-01-23 19:02:08,676:INFO:predict_model(self=<pycaret.clustering.oop.ClusteringExperiment object at 0x0000022AA40D8810>, estimator=Pipeline(memory=Memory(location=None),
         steps=[('numerical_imputer',
                 TransformerWrapper(include=[], transformer=SimpleImputer())),
                ('categorical_imputer',
                 TransformerWrapper(include=['age', 'edu_level', 'fav_animals',
                                             'fav_place', 'gender'],
                                    transformer=SimpleImputer(strategy='most_frequent'))),
                ('ordinal_encoding',
                 TransformerWrapper(include=['gender'],
                                    transfo...
                                                               mapping=[{'col': 'gender',
                                                                         'data_type': dtype('O'),
                                                                         'mapping': Kobieta      0
Mê¿czyzna    1
NaN         -1
dtype: int64}]))),
                ('onehot_encoding',
                 TransformerWrapper(include=['age', 'edu_level', 'fav_animals',
                                             'fav_place'],
                                    transformer=OneHotEncoder(cols=['age',
                                                                    'edu_level',
                                                                    'fav_animals',
                                                                    'fav_place'],
                                                              handle_missing='return_nan',
                                                              use_cat_names=True))),
                ('trained_model', KMeans(random_state=123))]), ml_usecase=None)
2025-01-23 19:02:08,676:INFO:Set up data.
2025-01-23 19:02:16,363:INFO:Initializing predict_model()
2025-01-23 19:02:16,363:INFO:predict_model(self=<pycaret.clustering.oop.ClusteringExperiment object at 0x0000022AA5236F50>, estimator=Pipeline(memory=Memory(location=None),
         steps=[('numerical_imputer',
                 TransformerWrapper(include=[], transformer=SimpleImputer())),
                ('categorical_imputer',
                 TransformerWrapper(include=['age', 'edu_level', 'fav_animals',
                                             'fav_place', 'gender'],
                                    transformer=SimpleImputer(strategy='most_frequent'))),
                ('ordinal_encoding',
                 TransformerWrapper(include=['gender'],
                                    transfo...
                                                               mapping=[{'col': 'gender',
                                                                         'data_type': dtype('O'),
                                                                         'mapping': Kobieta      0
Mê¿czyzna    1
NaN         -1
dtype: int64}]))),
                ('onehot_encoding',
                 TransformerWrapper(include=['age', 'edu_level', 'fav_animals',
                                             'fav_place'],
                                    transformer=OneHotEncoder(cols=['age',
                                                                    'edu_level',
                                                                    'fav_animals',
                                                                    'fav_place'],
                                                              handle_missing='return_nan',
                                                              use_cat_names=True))),
                ('trained_model', KMeans(random_state=123))]), ml_usecase=None)
2025-01-23 19:02:16,363:INFO:Set up data.
2025-01-23 19:02:19,979:INFO:Initializing predict_model()
2025-01-23 19:02:19,979:INFO:predict_model(self=<pycaret.clustering.oop.ClusteringExperiment object at 0x0000022AA1F10C90>, estimator=Pipeline(memory=Memory(location=None),
         steps=[('numerical_imputer',
                 TransformerWrapper(include=[], transformer=SimpleImputer())),
                ('categorical_imputer',
                 TransformerWrapper(include=['age', 'edu_level', 'fav_animals',
                                             'fav_place', 'gender'],
                                    transformer=SimpleImputer(strategy='most_frequent'))),
                ('ordinal_encoding',
                 TransformerWrapper(include=['gender'],
                                    transfo...
                                                               mapping=[{'col': 'gender',
                                                                         'data_type': dtype('O'),
                                                                         'mapping': Kobieta      0
Mê¿czyzna    1
NaN         -1
dtype: int64}]))),
                ('onehot_encoding',
                 TransformerWrapper(include=['age', 'edu_level', 'fav_animals',
                                             'fav_place'],
                                    transformer=OneHotEncoder(cols=['age',
                                                                    'edu_level',
                                                                    'fav_animals',
                                                                    'fav_place'],
                                                              handle_missing='return_nan',
                                                              use_cat_names=True))),
                ('trained_model', KMeans(random_state=123))]), ml_usecase=None)
2025-01-23 19:02:19,979:INFO:Set up data.
2025-01-23 19:02:21,370:INFO:Initializing predict_model()
2025-01-23 19:02:21,370:INFO:predict_model(self=<pycaret.clustering.oop.ClusteringExperiment object at 0x0000022AA4152A10>, estimator=Pipeline(memory=Memory(location=None),
         steps=[('numerical_imputer',
                 TransformerWrapper(include=[], transformer=SimpleImputer())),
                ('categorical_imputer',
                 TransformerWrapper(include=['age', 'edu_level', 'fav_animals',
                                             'fav_place', 'gender'],
                                    transformer=SimpleImputer(strategy='most_frequent'))),
                ('ordinal_encoding',
                 TransformerWrapper(include=['gender'],
                                    transfo...
                                                               mapping=[{'col': 'gender',
                                                                         'data_type': dtype('O'),
                                                                         'mapping': Kobieta      0
Mê¿czyzna    1
NaN         -1
dtype: int64}]))),
                ('onehot_encoding',
                 TransformerWrapper(include=['age', 'edu_level', 'fav_animals',
                                             'fav_place'],
                                    transformer=OneHotEncoder(cols=['age',
                                                                    'edu_level',
                                                                    'fav_animals',
                                                                    'fav_place'],
                                                              handle_missing='return_nan',
                                                              use_cat_names=True))),
                ('trained_model', KMeans(random_state=123))]), ml_usecase=None)
2025-01-23 19:02:21,370:INFO:Set up data.
2025-01-23 19:02:24,545:INFO:Initializing predict_model()
2025-01-23 19:02:24,545:INFO:predict_model(self=<pycaret.clustering.oop.ClusteringExperiment object at 0x0000022AA4077C90>, estimator=Pipeline(memory=Memory(location=None),
         steps=[('numerical_imputer',
                 TransformerWrapper(include=[], transformer=SimpleImputer())),
                ('categorical_imputer',
                 TransformerWrapper(include=['age', 'edu_level', 'fav_animals',
                                             'fav_place', 'gender'],
                                    transformer=SimpleImputer(strategy='most_frequent'))),
                ('ordinal_encoding',
                 TransformerWrapper(include=['gender'],
                                    transfo...
                                                               mapping=[{'col': 'gender',
                                                                         'data_type': dtype('O'),
                                                                         'mapping': Kobieta      0
Mê¿czyzna    1
NaN         -1
dtype: int64}]))),
                ('onehot_encoding',
                 TransformerWrapper(include=['age', 'edu_level', 'fav_animals',
                                             'fav_place'],
                                    transformer=OneHotEncoder(cols=['age',
                                                                    'edu_level',
                                                                    'fav_animals',
                                                                    'fav_place'],
                                                              handle_missing='return_nan',
                                                              use_cat_names=True))),
                ('trained_model', KMeans(random_state=123))]), ml_usecase=None)
2025-01-23 19:02:24,545:INFO:Set up data.
2025-01-23 19:02:26,295:INFO:Initializing predict_model()
2025-01-23 19:02:26,295:INFO:predict_model(self=<pycaret.clustering.oop.ClusteringExperiment object at 0x0000022AFBE83910>, estimator=Pipeline(memory=Memory(location=None),
         steps=[('numerical_imputer',
                 TransformerWrapper(include=[], transformer=SimpleImputer())),
                ('categorical_imputer',
                 TransformerWrapper(include=['age', 'edu_level', 'fav_animals',
                                             'fav_place', 'gender'],
                                    transformer=SimpleImputer(strategy='most_frequent'))),
                ('ordinal_encoding',
                 TransformerWrapper(include=['gender'],
                                    transfo...
                                                               mapping=[{'col': 'gender',
                                                                         'data_type': dtype('O'),
                                                                         'mapping': Kobieta      0
Mê¿czyzna    1
NaN         -1
dtype: int64}]))),
                ('onehot_encoding',
                 TransformerWrapper(include=['age', 'edu_level', 'fav_animals',
                                             'fav_place'],
                                    transformer=OneHotEncoder(cols=['age',
                                                                    'edu_level',
                                                                    'fav_animals',
                                                                    'fav_place'],
                                                              handle_missing='return_nan',
                                                              use_cat_names=True))),
                ('trained_model', KMeans(random_state=123))]), ml_usecase=None)
2025-01-23 19:02:26,295:INFO:Set up data.
2025-01-23 19:02:28,400:INFO:Initializing predict_model()
2025-01-23 19:02:28,400:INFO:predict_model(self=<pycaret.clustering.oop.ClusteringExperiment object at 0x0000022AA5233150>, estimator=Pipeline(memory=Memory(location=None),
         steps=[('numerical_imputer',
                 TransformerWrapper(include=[], transformer=SimpleImputer())),
                ('categorical_imputer',
                 TransformerWrapper(include=['age', 'edu_level', 'fav_animals',
                                             'fav_place', 'gender'],
                                    transformer=SimpleImputer(strategy='most_frequent'))),
                ('ordinal_encoding',
                 TransformerWrapper(include=['gender'],
                                    transfo...
                                                               mapping=[{'col': 'gender',
                                                                         'data_type': dtype('O'),
                                                                         'mapping': Kobieta      0
Mê¿czyzna    1
NaN         -1
dtype: int64}]))),
                ('onehot_encoding',
                 TransformerWrapper(include=['age', 'edu_level', 'fav_animals',
                                             'fav_place'],
                                    transformer=OneHotEncoder(cols=['age',
                                                                    'edu_level',
                                                                    'fav_animals',
                                                                    'fav_place'],
                                                              handle_missing='return_nan',
                                                              use_cat_names=True))),
                ('trained_model', KMeans(random_state=123))]), ml_usecase=None)
2025-01-23 19:02:28,400:INFO:Set up data.
2025-01-23 19:02:32,302:INFO:Initializing predict_model()
2025-01-23 19:02:32,302:INFO:predict_model(self=<pycaret.clustering.oop.ClusteringExperiment object at 0x0000022AA41DB3D0>, estimator=Pipeline(memory=Memory(location=None),
         steps=[('numerical_imputer',
                 TransformerWrapper(include=[], transformer=SimpleImputer())),
                ('categorical_imputer',
                 TransformerWrapper(include=['age', 'edu_level', 'fav_animals',
                                             'fav_place', 'gender'],
                                    transformer=SimpleImputer(strategy='most_frequent'))),
                ('ordinal_encoding',
                 TransformerWrapper(include=['gender'],
                                    transfo...
                                                               mapping=[{'col': 'gender',
                                                                         'data_type': dtype('O'),
                                                                         'mapping': Kobieta      0
Mê¿czyzna    1
NaN         -1
dtype: int64}]))),
                ('onehot_encoding',
                 TransformerWrapper(include=['age', 'edu_level', 'fav_animals',
                                             'fav_place'],
                                    transformer=OneHotEncoder(cols=['age',
                                                                    'edu_level',
                                                                    'fav_animals',
                                                                    'fav_place'],
                                                              handle_missing='return_nan',
                                                              use_cat_names=True))),
                ('trained_model', KMeans(random_state=123))]), ml_usecase=None)
2025-01-23 19:02:32,302:INFO:Set up data.
2025-01-23 19:02:37,622:INFO:Initializing predict_model()
2025-01-23 19:02:37,622:INFO:predict_model(self=<pycaret.clustering.oop.ClusteringExperiment object at 0x0000022AA5223AD0>, estimator=Pipeline(memory=Memory(location=None),
         steps=[('numerical_imputer',
                 TransformerWrapper(include=[], transformer=SimpleImputer())),
                ('categorical_imputer',
                 TransformerWrapper(include=['age', 'edu_level', 'fav_animals',
                                             'fav_place', 'gender'],
                                    transformer=SimpleImputer(strategy='most_frequent'))),
                ('ordinal_encoding',
                 TransformerWrapper(include=['gender'],
                                    transfo...
                                                               mapping=[{'col': 'gender',
                                                                         'data_type': dtype('O'),
                                                                         'mapping': Kobieta      0
Mê¿czyzna    1
NaN         -1
dtype: int64}]))),
                ('onehot_encoding',
                 TransformerWrapper(include=['age', 'edu_level', 'fav_animals',
                                             'fav_place'],
                                    transformer=OneHotEncoder(cols=['age',
                                                                    'edu_level',
                                                                    'fav_animals',
                                                                    'fav_place'],
                                                              handle_missing='return_nan',
                                                              use_cat_names=True))),
                ('trained_model', KMeans(random_state=123))]), ml_usecase=None)
2025-01-23 19:02:37,622:INFO:Set up data.
2025-01-23 19:02:42,320:INFO:Initializing predict_model()
2025-01-23 19:02:42,320:INFO:predict_model(self=<pycaret.clustering.oop.ClusteringExperiment object at 0x0000022AA41CFDD0>, estimator=Pipeline(memory=Memory(location=None),
         steps=[('numerical_imputer',
                 TransformerWrapper(include=[], transformer=SimpleImputer())),
                ('categorical_imputer',
                 TransformerWrapper(include=['age', 'edu_level', 'fav_animals',
                                             'fav_place', 'gender'],
                                    transformer=SimpleImputer(strategy='most_frequent'))),
                ('ordinal_encoding',
                 TransformerWrapper(include=['gender'],
                                    transfo...
                                                               mapping=[{'col': 'gender',
                                                                         'data_type': dtype('O'),
                                                                         'mapping': Kobieta      0
Mê¿czyzna    1
NaN         -1
dtype: int64}]))),
                ('onehot_encoding',
                 TransformerWrapper(include=['age', 'edu_level', 'fav_animals',
                                             'fav_place'],
                                    transformer=OneHotEncoder(cols=['age',
                                                                    'edu_level',
                                                                    'fav_animals',
                                                                    'fav_place'],
                                                              handle_missing='return_nan',
                                                              use_cat_names=True))),
                ('trained_model', KMeans(random_state=123))]), ml_usecase=None)
2025-01-23 19:02:42,320:INFO:Set up data.
2025-01-23 19:02:45,182:INFO:Initializing predict_model()
2025-01-23 19:02:45,182:INFO:predict_model(self=<pycaret.clustering.oop.ClusteringExperiment object at 0x0000022AA1AE2410>, estimator=Pipeline(memory=Memory(location=None),
         steps=[('numerical_imputer',
                 TransformerWrapper(include=[], transformer=SimpleImputer())),
                ('categorical_imputer',
                 TransformerWrapper(include=['age', 'edu_level', 'fav_animals',
                                             'fav_place', 'gender'],
                                    transformer=SimpleImputer(strategy='most_frequent'))),
                ('ordinal_encoding',
                 TransformerWrapper(include=['gender'],
                                    transfo...
                                                               mapping=[{'col': 'gender',
                                                                         'data_type': dtype('O'),
                                                                         'mapping': Kobieta      0
Mê¿czyzna    1
NaN         -1
dtype: int64}]))),
                ('onehot_encoding',
                 TransformerWrapper(include=['age', 'edu_level', 'fav_animals',
                                             'fav_place'],
                                    transformer=OneHotEncoder(cols=['age',
                                                                    'edu_level',
                                                                    'fav_animals',
                                                                    'fav_place'],
                                                              handle_missing='return_nan',
                                                              use_cat_names=True))),
                ('trained_model', KMeans(random_state=123))]), ml_usecase=None)
2025-01-23 19:02:45,182:INFO:Set up data.
2025-01-23 19:02:48,779:INFO:Initializing predict_model()
2025-01-23 19:02:48,779:INFO:predict_model(self=<pycaret.clustering.oop.ClusteringExperiment object at 0x0000022AA5230C10>, estimator=Pipeline(memory=Memory(location=None),
         steps=[('numerical_imputer',
                 TransformerWrapper(include=[], transformer=SimpleImputer())),
                ('categorical_imputer',
                 TransformerWrapper(include=['age', 'edu_level', 'fav_animals',
                                             'fav_place', 'gender'],
                                    transformer=SimpleImputer(strategy='most_frequent'))),
                ('ordinal_encoding',
                 TransformerWrapper(include=['gender'],
                                    transfo...
                                                               mapping=[{'col': 'gender',
                                                                         'data_type': dtype('O'),
                                                                         'mapping': Kobieta      0
Mê¿czyzna    1
NaN         -1
dtype: int64}]))),
                ('onehot_encoding',
                 TransformerWrapper(include=['age', 'edu_level', 'fav_animals',
                                             'fav_place'],
                                    transformer=OneHotEncoder(cols=['age',
                                                                    'edu_level',
                                                                    'fav_animals',
                                                                    'fav_place'],
                                                              handle_missing='return_nan',
                                                              use_cat_names=True))),
                ('trained_model', KMeans(random_state=123))]), ml_usecase=None)
2025-01-23 19:02:48,779:INFO:Set up data.
2025-01-23 19:02:52,106:INFO:Initializing predict_model()
2025-01-23 19:02:52,106:INFO:predict_model(self=<pycaret.clustering.oop.ClusteringExperiment object at 0x0000022A8DB28090>, estimator=Pipeline(memory=Memory(location=None),
         steps=[('numerical_imputer',
                 TransformerWrapper(include=[], transformer=SimpleImputer())),
                ('categorical_imputer',
                 TransformerWrapper(include=['age', 'edu_level', 'fav_animals',
                                             'fav_place', 'gender'],
                                    transformer=SimpleImputer(strategy='most_frequent'))),
                ('ordinal_encoding',
                 TransformerWrapper(include=['gender'],
                                    transfo...
                                                               mapping=[{'col': 'gender',
                                                                         'data_type': dtype('O'),
                                                                         'mapping': Kobieta      0
Mê¿czyzna    1
NaN         -1
dtype: int64}]))),
                ('onehot_encoding',
                 TransformerWrapper(include=['age', 'edu_level', 'fav_animals',
                                             'fav_place'],
                                    transformer=OneHotEncoder(cols=['age',
                                                                    'edu_level',
                                                                    'fav_animals',
                                                                    'fav_place'],
                                                              handle_missing='return_nan',
                                                              use_cat_names=True))),
                ('trained_model', KMeans(random_state=123))]), ml_usecase=None)
2025-01-23 19:02:52,106:INFO:Set up data.
2025-01-23 19:02:57,321:INFO:Initializing predict_model()
2025-01-23 19:02:57,321:INFO:predict_model(self=<pycaret.clustering.oop.ClusteringExperiment object at 0x0000022AA5237710>, estimator=Pipeline(memory=Memory(location=None),
         steps=[('numerical_imputer',
                 TransformerWrapper(include=[], transformer=SimpleImputer())),
                ('categorical_imputer',
                 TransformerWrapper(include=['age', 'edu_level', 'fav_animals',
                                             'fav_place', 'gender'],
                                    transformer=SimpleImputer(strategy='most_frequent'))),
                ('ordinal_encoding',
                 TransformerWrapper(include=['gender'],
                                    transfo...
                                                               mapping=[{'col': 'gender',
                                                                         'data_type': dtype('O'),
                                                                         'mapping': Kobieta      0
Mê¿czyzna    1
NaN         -1
dtype: int64}]))),
                ('onehot_encoding',
                 TransformerWrapper(include=['age', 'edu_level', 'fav_animals',
                                             'fav_place'],
                                    transformer=OneHotEncoder(cols=['age',
                                                                    'edu_level',
                                                                    'fav_animals',
                                                                    'fav_place'],
                                                              handle_missing='return_nan',
                                                              use_cat_names=True))),
                ('trained_model', KMeans(random_state=123))]), ml_usecase=None)
2025-01-23 19:02:57,321:INFO:Set up data.
2025-01-23 19:03:00,144:INFO:Initializing predict_model()
2025-01-23 19:03:00,144:INFO:predict_model(self=<pycaret.clustering.oop.ClusteringExperiment object at 0x0000022AA41CD990>, estimator=Pipeline(memory=Memory(location=None),
         steps=[('numerical_imputer',
                 TransformerWrapper(include=[], transformer=SimpleImputer())),
                ('categorical_imputer',
                 TransformerWrapper(include=['age', 'edu_level', 'fav_animals',
                                             'fav_place', 'gender'],
                                    transformer=SimpleImputer(strategy='most_frequent'))),
                ('ordinal_encoding',
                 TransformerWrapper(include=['gender'],
                                    transfo...
                                                               mapping=[{'col': 'gender',
                                                                         'data_type': dtype('O'),
                                                                         'mapping': Kobieta      0
Mê¿czyzna    1
NaN         -1
dtype: int64}]))),
                ('onehot_encoding',
                 TransformerWrapper(include=['age', 'edu_level', 'fav_animals',
                                             'fav_place'],
                                    transformer=OneHotEncoder(cols=['age',
                                                                    'edu_level',
                                                                    'fav_animals',
                                                                    'fav_place'],
                                                              handle_missing='return_nan',
                                                              use_cat_names=True))),
                ('trained_model', KMeans(random_state=123))]), ml_usecase=None)
2025-01-23 19:03:00,144:INFO:Set up data.
2025-01-23 19:03:03,290:INFO:Initializing predict_model()
2025-01-23 19:03:03,303:INFO:predict_model(self=<pycaret.clustering.oop.ClusteringExperiment object at 0x0000022AA40356D0>, estimator=Pipeline(memory=Memory(location=None),
         steps=[('numerical_imputer',
                 TransformerWrapper(include=[], transformer=SimpleImputer())),
                ('categorical_imputer',
                 TransformerWrapper(include=['age', 'edu_level', 'fav_animals',
                                             'fav_place', 'gender'],
                                    transformer=SimpleImputer(strategy='most_frequent'))),
                ('ordinal_encoding',
                 TransformerWrapper(include=['gender'],
                                    transfo...
                                                               mapping=[{'col': 'gender',
                                                                         'data_type': dtype('O'),
                                                                         'mapping': Kobieta      0
Mê¿czyzna    1
NaN         -1
dtype: int64}]))),
                ('onehot_encoding',
                 TransformerWrapper(include=['age', 'edu_level', 'fav_animals',
                                             'fav_place'],
                                    transformer=OneHotEncoder(cols=['age',
                                                                    'edu_level',
                                                                    'fav_animals',
                                                                    'fav_place'],
                                                              handle_missing='return_nan',
                                                              use_cat_names=True))),
                ('trained_model', KMeans(random_state=123))]), ml_usecase=None)
2025-01-23 19:03:03,303:INFO:Set up data.
2025-01-23 19:03:05,782:INFO:Initializing predict_model()
2025-01-23 19:03:05,782:INFO:predict_model(self=<pycaret.clustering.oop.ClusteringExperiment object at 0x0000022AA1EC0610>, estimator=Pipeline(memory=Memory(location=None),
         steps=[('numerical_imputer',
                 TransformerWrapper(include=[], transformer=SimpleImputer())),
                ('categorical_imputer',
                 TransformerWrapper(include=['age', 'edu_level', 'fav_animals',
                                             'fav_place', 'gender'],
                                    transformer=SimpleImputer(strategy='most_frequent'))),
                ('ordinal_encoding',
                 TransformerWrapper(include=['gender'],
                                    transfo...
                                                               mapping=[{'col': 'gender',
                                                                         'data_type': dtype('O'),
                                                                         'mapping': Kobieta      0
Mê¿czyzna    1
NaN         -1
dtype: int64}]))),
                ('onehot_encoding',
                 TransformerWrapper(include=['age', 'edu_level', 'fav_animals',
                                             'fav_place'],
                                    transformer=OneHotEncoder(cols=['age',
                                                                    'edu_level',
                                                                    'fav_animals',
                                                                    'fav_place'],
                                                              handle_missing='return_nan',
                                                              use_cat_names=True))),
                ('trained_model', KMeans(random_state=123))]), ml_usecase=None)
2025-01-23 19:03:05,782:INFO:Set up data.
2025-01-23 19:03:07,467:INFO:Initializing predict_model()
2025-01-23 19:03:07,467:INFO:predict_model(self=<pycaret.clustering.oop.ClusteringExperiment object at 0x0000022AA41CE6D0>, estimator=Pipeline(memory=Memory(location=None),
         steps=[('numerical_imputer',
                 TransformerWrapper(include=[], transformer=SimpleImputer())),
                ('categorical_imputer',
                 TransformerWrapper(include=['age', 'edu_level', 'fav_animals',
                                             'fav_place', 'gender'],
                                    transformer=SimpleImputer(strategy='most_frequent'))),
                ('ordinal_encoding',
                 TransformerWrapper(include=['gender'],
                                    transfo...
                                                               mapping=[{'col': 'gender',
                                                                         'data_type': dtype('O'),
                                                                         'mapping': Kobieta      0
Mê¿czyzna    1
NaN         -1
dtype: int64}]))),
                ('onehot_encoding',
                 TransformerWrapper(include=['age', 'edu_level', 'fav_animals',
                                             'fav_place'],
                                    transformer=OneHotEncoder(cols=['age',
                                                                    'edu_level',
                                                                    'fav_animals',
                                                                    'fav_place'],
                                                              handle_missing='return_nan',
                                                              use_cat_names=True))),
                ('trained_model', KMeans(random_state=123))]), ml_usecase=None)
2025-01-23 19:03:07,467:INFO:Set up data.
2025-01-23 19:03:10,781:INFO:Initializing predict_model()
2025-01-23 19:03:10,781:INFO:predict_model(self=<pycaret.clustering.oop.ClusteringExperiment object at 0x0000022AA1EC17D0>, estimator=Pipeline(memory=Memory(location=None),
         steps=[('numerical_imputer',
                 TransformerWrapper(include=[], transformer=SimpleImputer())),
                ('categorical_imputer',
                 TransformerWrapper(include=['age', 'edu_level', 'fav_animals',
                                             'fav_place', 'gender'],
                                    transformer=SimpleImputer(strategy='most_frequent'))),
                ('ordinal_encoding',
                 TransformerWrapper(include=['gender'],
                                    transfo...
                                                               mapping=[{'col': 'gender',
                                                                         'data_type': dtype('O'),
                                                                         'mapping': Kobieta      0
Mê¿czyzna    1
NaN         -1
dtype: int64}]))),
                ('onehot_encoding',
                 TransformerWrapper(include=['age', 'edu_level', 'fav_animals',
                                             'fav_place'],
                                    transformer=OneHotEncoder(cols=['age',
                                                                    'edu_level',
                                                                    'fav_animals',
                                                                    'fav_place'],
                                                              handle_missing='return_nan',
                                                              use_cat_names=True))),
                ('trained_model', KMeans(random_state=123))]), ml_usecase=None)
2025-01-23 19:03:10,781:INFO:Set up data.
2025-01-23 19:03:12,706:INFO:Initializing predict_model()
2025-01-23 19:03:12,706:INFO:predict_model(self=<pycaret.clustering.oop.ClusteringExperiment object at 0x0000022AFB3A6F90>, estimator=Pipeline(memory=Memory(location=None),
         steps=[('numerical_imputer',
                 TransformerWrapper(include=[], transformer=SimpleImputer())),
                ('categorical_imputer',
                 TransformerWrapper(include=['age', 'edu_level', 'fav_animals',
                                             'fav_place', 'gender'],
                                    transformer=SimpleImputer(strategy='most_frequent'))),
                ('ordinal_encoding',
                 TransformerWrapper(include=['gender'],
                                    transfo...
                                                               mapping=[{'col': 'gender',
                                                                         'data_type': dtype('O'),
                                                                         'mapping': Kobieta      0
Mê¿czyzna    1
NaN         -1
dtype: int64}]))),
                ('onehot_encoding',
                 TransformerWrapper(include=['age', 'edu_level', 'fav_animals',
                                             'fav_place'],
                                    transformer=OneHotEncoder(cols=['age',
                                                                    'edu_level',
                                                                    'fav_animals',
                                                                    'fav_place'],
                                                              handle_missing='return_nan',
                                                              use_cat_names=True))),
                ('trained_model', KMeans(random_state=123))]), ml_usecase=None)
2025-01-23 19:03:12,706:INFO:Set up data.
2025-01-23 19:03:14,872:INFO:Initializing predict_model()
2025-01-23 19:03:14,872:INFO:predict_model(self=<pycaret.clustering.oop.ClusteringExperiment object at 0x0000022AA40D9ED0>, estimator=Pipeline(memory=Memory(location=None),
         steps=[('numerical_imputer',
                 TransformerWrapper(include=[], transformer=SimpleImputer())),
                ('categorical_imputer',
                 TransformerWrapper(include=['age', 'edu_level', 'fav_animals',
                                             'fav_place', 'gender'],
                                    transformer=SimpleImputer(strategy='most_frequent'))),
                ('ordinal_encoding',
                 TransformerWrapper(include=['gender'],
                                    transfo...
                                                               mapping=[{'col': 'gender',
                                                                         'data_type': dtype('O'),
                                                                         'mapping': Kobieta      0
Mê¿czyzna    1
NaN         -1
dtype: int64}]))),
                ('onehot_encoding',
                 TransformerWrapper(include=['age', 'edu_level', 'fav_animals',
                                             'fav_place'],
                                    transformer=OneHotEncoder(cols=['age',
                                                                    'edu_level',
                                                                    'fav_animals',
                                                                    'fav_place'],
                                                              handle_missing='return_nan',
                                                              use_cat_names=True))),
                ('trained_model', KMeans(random_state=123))]), ml_usecase=None)
2025-01-23 19:03:14,872:INFO:Set up data.
2025-01-23 19:03:17,123:INFO:Initializing predict_model()
2025-01-23 19:03:17,123:INFO:predict_model(self=<pycaret.clustering.oop.ClusteringExperiment object at 0x0000022AA40D82D0>, estimator=Pipeline(memory=Memory(location=None),
         steps=[('numerical_imputer',
                 TransformerWrapper(include=[], transformer=SimpleImputer())),
                ('categorical_imputer',
                 TransformerWrapper(include=['age', 'edu_level', 'fav_animals',
                                             'fav_place', 'gender'],
                                    transformer=SimpleImputer(strategy='most_frequent'))),
                ('ordinal_encoding',
                 TransformerWrapper(include=['gender'],
                                    transfo...
                                                               mapping=[{'col': 'gender',
                                                                         'data_type': dtype('O'),
                                                                         'mapping': Kobieta      0
Mê¿czyzna    1
NaN         -1
dtype: int64}]))),
                ('onehot_encoding',
                 TransformerWrapper(include=['age', 'edu_level', 'fav_animals',
                                             'fav_place'],
                                    transformer=OneHotEncoder(cols=['age',
                                                                    'edu_level',
                                                                    'fav_animals',
                                                                    'fav_place'],
                                                              handle_missing='return_nan',
                                                              use_cat_names=True))),
                ('trained_model', KMeans(random_state=123))]), ml_usecase=None)
2025-01-23 19:03:17,123:INFO:Set up data.
2025-01-23 19:03:26,237:INFO:Initializing predict_model()
2025-01-23 19:03:26,237:INFO:predict_model(self=<pycaret.clustering.oop.ClusteringExperiment object at 0x0000022AA5292F90>, estimator=Pipeline(memory=Memory(location=None),
         steps=[('numerical_imputer',
                 TransformerWrapper(include=[], transformer=SimpleImputer())),
                ('categorical_imputer',
                 TransformerWrapper(include=['age', 'edu_level', 'fav_animals',
                                             'fav_place', 'gender'],
                                    transformer=SimpleImputer(strategy='most_frequent'))),
                ('ordinal_encoding',
                 TransformerWrapper(include=['gender'],
                                    transfo...
                                                               mapping=[{'col': 'gender',
                                                                         'data_type': dtype('O'),
                                                                         'mapping': Kobieta      0
Mê¿czyzna    1
NaN         -1
dtype: int64}]))),
                ('onehot_encoding',
                 TransformerWrapper(include=['age', 'edu_level', 'fav_animals',
                                             'fav_place'],
                                    transformer=OneHotEncoder(cols=['age',
                                                                    'edu_level',
                                                                    'fav_animals',
                                                                    'fav_place'],
                                                              handle_missing='return_nan',
                                                              use_cat_names=True))),
                ('trained_model', KMeans(random_state=123))]), ml_usecase=None)
2025-01-23 19:03:26,237:INFO:Set up data.
2025-01-23 19:03:28,638:INFO:Initializing predict_model()
2025-01-23 19:03:28,638:INFO:predict_model(self=<pycaret.clustering.oop.ClusteringExperiment object at 0x0000022AA1CB6290>, estimator=Pipeline(memory=Memory(location=None),
         steps=[('numerical_imputer',
                 TransformerWrapper(include=[], transformer=SimpleImputer())),
                ('categorical_imputer',
                 TransformerWrapper(include=['age', 'edu_level', 'fav_animals',
                                             'fav_place', 'gender'],
                                    transformer=SimpleImputer(strategy='most_frequent'))),
                ('ordinal_encoding',
                 TransformerWrapper(include=['gender'],
                                    transfo...
                                                               mapping=[{'col': 'gender',
                                                                         'data_type': dtype('O'),
                                                                         'mapping': Kobieta      0
Mê¿czyzna    1
NaN         -1
dtype: int64}]))),
                ('onehot_encoding',
                 TransformerWrapper(include=['age', 'edu_level', 'fav_animals',
                                             'fav_place'],
                                    transformer=OneHotEncoder(cols=['age',
                                                                    'edu_level',
                                                                    'fav_animals',
                                                                    'fav_place'],
                                                              handle_missing='return_nan',
                                                              use_cat_names=True))),
                ('trained_model', KMeans(random_state=123))]), ml_usecase=None)
2025-01-23 19:03:28,638:INFO:Set up data.
2025-01-23 19:03:31,997:INFO:Initializing predict_model()
2025-01-23 19:03:31,997:INFO:predict_model(self=<pycaret.clustering.oop.ClusteringExperiment object at 0x0000022AA1A53F50>, estimator=Pipeline(memory=Memory(location=None),
         steps=[('numerical_imputer',
                 TransformerWrapper(include=[], transformer=SimpleImputer())),
                ('categorical_imputer',
                 TransformerWrapper(include=['age', 'edu_level', 'fav_animals',
                                             'fav_place', 'gender'],
                                    transformer=SimpleImputer(strategy='most_frequent'))),
                ('ordinal_encoding',
                 TransformerWrapper(include=['gender'],
                                    transfo...
                                                               mapping=[{'col': 'gender',
                                                                         'data_type': dtype('O'),
                                                                         'mapping': Kobieta      0
Mê¿czyzna    1
NaN         -1
dtype: int64}]))),
                ('onehot_encoding',
                 TransformerWrapper(include=['age', 'edu_level', 'fav_animals',
                                             'fav_place'],
                                    transformer=OneHotEncoder(cols=['age',
                                                                    'edu_level',
                                                                    'fav_animals',
                                                                    'fav_place'],
                                                              handle_missing='return_nan',
                                                              use_cat_names=True))),
                ('trained_model', KMeans(random_state=123))]), ml_usecase=None)
2025-01-23 19:03:31,997:INFO:Set up data.
2025-01-23 19:03:36,714:INFO:Initializing predict_model()
2025-01-23 19:03:36,714:INFO:predict_model(self=<pycaret.clustering.oop.ClusteringExperiment object at 0x0000022AA5271B10>, estimator=Pipeline(memory=Memory(location=None),
         steps=[('numerical_imputer',
                 TransformerWrapper(include=[], transformer=SimpleImputer())),
                ('categorical_imputer',
                 TransformerWrapper(include=['age', 'edu_level', 'fav_animals',
                                             'fav_place', 'gender'],
                                    transformer=SimpleImputer(strategy='most_frequent'))),
                ('ordinal_encoding',
                 TransformerWrapper(include=['gender'],
                                    transfo...
                                                               mapping=[{'col': 'gender',
                                                                         'data_type': dtype('O'),
                                                                         'mapping': Kobieta      0
Mê¿czyzna    1
NaN         -1
dtype: int64}]))),
                ('onehot_encoding',
                 TransformerWrapper(include=['age', 'edu_level', 'fav_animals',
                                             'fav_place'],
                                    transformer=OneHotEncoder(cols=['age',
                                                                    'edu_level',
                                                                    'fav_animals',
                                                                    'fav_place'],
                                                              handle_missing='return_nan',
                                                              use_cat_names=True))),
                ('trained_model', KMeans(random_state=123))]), ml_usecase=None)
2025-01-23 19:03:36,714:INFO:Set up data.
2025-01-23 19:03:40,016:INFO:Initializing predict_model()
2025-01-23 19:03:40,016:INFO:predict_model(self=<pycaret.clustering.oop.ClusteringExperiment object at 0x0000022AA41161D0>, estimator=Pipeline(memory=Memory(location=None),
         steps=[('numerical_imputer',
                 TransformerWrapper(include=[], transformer=SimpleImputer())),
                ('categorical_imputer',
                 TransformerWrapper(include=['age', 'edu_level', 'fav_animals',
                                             'fav_place', 'gender'],
                                    transformer=SimpleImputer(strategy='most_frequent'))),
                ('ordinal_encoding',
                 TransformerWrapper(include=['gender'],
                                    transfo...
                                                               mapping=[{'col': 'gender',
                                                                         'data_type': dtype('O'),
                                                                         'mapping': Kobieta      0
Mê¿czyzna    1
NaN         -1
dtype: int64}]))),
                ('onehot_encoding',
                 TransformerWrapper(include=['age', 'edu_level', 'fav_animals',
                                             'fav_place'],
                                    transformer=OneHotEncoder(cols=['age',
                                                                    'edu_level',
                                                                    'fav_animals',
                                                                    'fav_place'],
                                                              handle_missing='return_nan',
                                                              use_cat_names=True))),
                ('trained_model', KMeans(random_state=123))]), ml_usecase=None)
2025-01-23 19:03:40,016:INFO:Set up data.
2025-01-23 19:03:42,712:INFO:Initializing predict_model()
2025-01-23 19:03:42,712:INFO:predict_model(self=<pycaret.clustering.oop.ClusteringExperiment object at 0x0000022AFBE6D7D0>, estimator=Pipeline(memory=Memory(location=None),
         steps=[('numerical_imputer',
                 TransformerWrapper(include=[], transformer=SimpleImputer())),
                ('categorical_imputer',
                 TransformerWrapper(include=['age', 'edu_level', 'fav_animals',
                                             'fav_place', 'gender'],
                                    transformer=SimpleImputer(strategy='most_frequent'))),
                ('ordinal_encoding',
                 TransformerWrapper(include=['gender'],
                                    transfo...
                                                               mapping=[{'col': 'gender',
                                                                         'data_type': dtype('O'),
                                                                         'mapping': Kobieta      0
Mê¿czyzna    1
NaN         -1
dtype: int64}]))),
                ('onehot_encoding',
                 TransformerWrapper(include=['age', 'edu_level', 'fav_animals',
                                             'fav_place'],
                                    transformer=OneHotEncoder(cols=['age',
                                                                    'edu_level',
                                                                    'fav_animals',
                                                                    'fav_place'],
                                                              handle_missing='return_nan',
                                                              use_cat_names=True))),
                ('trained_model', KMeans(random_state=123))]), ml_usecase=None)
2025-01-23 19:03:42,712:INFO:Set up data.
2025-01-23 19:03:50,153:INFO:Initializing predict_model()
2025-01-23 19:03:50,153:INFO:predict_model(self=<pycaret.clustering.oop.ClusteringExperiment object at 0x0000022AA1ED5450>, estimator=Pipeline(memory=Memory(location=None),
         steps=[('numerical_imputer',
                 TransformerWrapper(include=[], transformer=SimpleImputer())),
                ('categorical_imputer',
                 TransformerWrapper(include=['age', 'edu_level', 'fav_animals',
                                             'fav_place', 'gender'],
                                    transformer=SimpleImputer(strategy='most_frequent'))),
                ('ordinal_encoding',
                 TransformerWrapper(include=['gender'],
                                    transfo...
                                                               mapping=[{'col': 'gender',
                                                                         'data_type': dtype('O'),
                                                                         'mapping': Kobieta      0
Mê¿czyzna    1
NaN         -1
dtype: int64}]))),
                ('onehot_encoding',
                 TransformerWrapper(include=['age', 'edu_level', 'fav_animals',
                                             'fav_place'],
                                    transformer=OneHotEncoder(cols=['age',
                                                                    'edu_level',
                                                                    'fav_animals',
                                                                    'fav_place'],
                                                              handle_missing='return_nan',
                                                              use_cat_names=True))),
                ('trained_model', KMeans(random_state=123))]), ml_usecase=None)
2025-01-23 19:03:50,153:INFO:Set up data.
2025-01-23 19:03:55,170:INFO:Initializing predict_model()
2025-01-23 19:03:55,170:INFO:predict_model(self=<pycaret.clustering.oop.ClusteringExperiment object at 0x0000022AA5227910>, estimator=Pipeline(memory=Memory(location=None),
         steps=[('numerical_imputer',
                 TransformerWrapper(include=[], transformer=SimpleImputer())),
                ('categorical_imputer',
                 TransformerWrapper(include=['age', 'edu_level', 'fav_animals',
                                             'fav_place', 'gender'],
                                    transformer=SimpleImputer(strategy='most_frequent'))),
                ('ordinal_encoding',
                 TransformerWrapper(include=['gender'],
                                    transfo...
                                                               mapping=[{'col': 'gender',
                                                                         'data_type': dtype('O'),
                                                                         'mapping': Kobieta      0
Mê¿czyzna    1
NaN         -1
dtype: int64}]))),
                ('onehot_encoding',
                 TransformerWrapper(include=['age', 'edu_level', 'fav_animals',
                                             'fav_place'],
                                    transformer=OneHotEncoder(cols=['age',
                                                                    'edu_level',
                                                                    'fav_animals',
                                                                    'fav_place'],
                                                              handle_missing='return_nan',
                                                              use_cat_names=True))),
                ('trained_model', KMeans(random_state=123))]), ml_usecase=None)
2025-01-23 19:03:55,170:INFO:Set up data.
2025-01-23 19:03:59,932:INFO:Initializing predict_model()
2025-01-23 19:03:59,932:INFO:predict_model(self=<pycaret.clustering.oop.ClusteringExperiment object at 0x0000022AA54FD790>, estimator=Pipeline(memory=Memory(location=None),
         steps=[('numerical_imputer',
                 TransformerWrapper(include=[], transformer=SimpleImputer())),
                ('categorical_imputer',
                 TransformerWrapper(include=['age', 'edu_level', 'fav_animals',
                                             'fav_place', 'gender'],
                                    transformer=SimpleImputer(strategy='most_frequent'))),
                ('ordinal_encoding',
                 TransformerWrapper(include=['gender'],
                                    transfo...
                                                               mapping=[{'col': 'gender',
                                                                         'data_type': dtype('O'),
                                                                         'mapping': Kobieta      0
Mê¿czyzna    1
NaN         -1
dtype: int64}]))),
                ('onehot_encoding',
                 TransformerWrapper(include=['age', 'edu_level', 'fav_animals',
                                             'fav_place'],
                                    transformer=OneHotEncoder(cols=['age',
                                                                    'edu_level',
                                                                    'fav_animals',
                                                                    'fav_place'],
                                                              handle_missing='return_nan',
                                                              use_cat_names=True))),
                ('trained_model', KMeans(random_state=123))]), ml_usecase=None)
2025-01-23 19:03:59,932:INFO:Set up data.
2025-01-23 19:04:02,270:INFO:Initializing predict_model()
2025-01-23 19:04:02,270:INFO:predict_model(self=<pycaret.clustering.oop.ClusteringExperiment object at 0x0000022AA1AC0B50>, estimator=Pipeline(memory=Memory(location=None),
         steps=[('numerical_imputer',
                 TransformerWrapper(include=[], transformer=SimpleImputer())),
                ('categorical_imputer',
                 TransformerWrapper(include=['age', 'edu_level', 'fav_animals',
                                             'fav_place', 'gender'],
                                    transformer=SimpleImputer(strategy='most_frequent'))),
                ('ordinal_encoding',
                 TransformerWrapper(include=['gender'],
                                    transfo...
                                                               mapping=[{'col': 'gender',
                                                                         'data_type': dtype('O'),
                                                                         'mapping': Kobieta      0
Mê¿czyzna    1
NaN         -1
dtype: int64}]))),
                ('onehot_encoding',
                 TransformerWrapper(include=['age', 'edu_level', 'fav_animals',
                                             'fav_place'],
                                    transformer=OneHotEncoder(cols=['age',
                                                                    'edu_level',
                                                                    'fav_animals',
                                                                    'fav_place'],
                                                              handle_missing='return_nan',
                                                              use_cat_names=True))),
                ('trained_model', KMeans(random_state=123))]), ml_usecase=None)
2025-01-23 19:04:02,270:INFO:Set up data.
2025-01-23 19:04:07,245:INFO:Initializing predict_model()
2025-01-23 19:04:07,245:INFO:predict_model(self=<pycaret.clustering.oop.ClusteringExperiment object at 0x0000022AA40C7110>, estimator=Pipeline(memory=Memory(location=None),
         steps=[('numerical_imputer',
                 TransformerWrapper(include=[], transformer=SimpleImputer())),
                ('categorical_imputer',
                 TransformerWrapper(include=['age', 'edu_level', 'fav_animals',
                                             'fav_place', 'gender'],
                                    transformer=SimpleImputer(strategy='most_frequent'))),
                ('ordinal_encoding',
                 TransformerWrapper(include=['gender'],
                                    transfo...
                                                               mapping=[{'col': 'gender',
                                                                         'data_type': dtype('O'),
                                                                         'mapping': Kobieta      0
Mê¿czyzna    1
NaN         -1
dtype: int64}]))),
                ('onehot_encoding',
                 TransformerWrapper(include=['age', 'edu_level', 'fav_animals',
                                             'fav_place'],
                                    transformer=OneHotEncoder(cols=['age',
                                                                    'edu_level',
                                                                    'fav_animals',
                                                                    'fav_place'],
                                                              handle_missing='return_nan',
                                                              use_cat_names=True))),
                ('trained_model', KMeans(random_state=123))]), ml_usecase=None)
2025-01-23 19:04:07,245:INFO:Set up data.
2025-01-25 11:56:43,203:WARNING:
'cuml' is a soft dependency and not included in the pycaret installation. Please run: `pip install cuml` to install.
2025-01-25 11:56:43,203:WARNING:
'cuml' is a soft dependency and not included in the pycaret installation. Please run: `pip install cuml` to install.
2025-01-25 11:56:43,203:WARNING:
'cuml' is a soft dependency and not included in the pycaret installation. Please run: `pip install cuml` to install.
2025-01-25 11:56:43,203:WARNING:
'cuml' is a soft dependency and not included in the pycaret installation. Please run: `pip install cuml` to install.
2025-01-25 11:56:44,825:INFO:Initializing load_model()
2025-01-25 11:56:44,825:INFO:load_model(model_name=welcome_survey_clustering_pipeline_v1, platform=None, authentication=None, verbose=True)
2025-01-25 11:58:41,888:INFO:Initializing predict_model()
2025-01-25 11:58:41,888:INFO:predict_model(self=<pycaret.clustering.oop.ClusteringExperiment object at 0x000002D3139CDD90>, estimator=Pipeline(memory=Memory(location=None),
         steps=[('numerical_imputer',
                 TransformerWrapper(include=[], transformer=SimpleImputer())),
                ('categorical_imputer',
                 TransformerWrapper(include=['age', 'edu_level', 'fav_animals',
                                             'fav_place', 'gender'],
                                    transformer=SimpleImputer(strategy='most_frequent'))),
                ('ordinal_encoding',
                 TransformerWrapper(include=['gender'],
                                    transfo...
                                                               mapping=[{'col': 'gender',
                                                                         'data_type': dtype('O'),
                                                                         'mapping': Kobieta      0
Mê¿czyzna    1
NaN         -1
dtype: int64}]))),
                ('onehot_encoding',
                 TransformerWrapper(include=['age', 'edu_level', 'fav_animals',
                                             'fav_place'],
                                    transformer=OneHotEncoder(cols=['age',
                                                                    'edu_level',
                                                                    'fav_animals',
                                                                    'fav_place'],
                                                              handle_missing='return_nan',
                                                              use_cat_names=True))),
                ('trained_model', KMeans(random_state=123))]), ml_usecase=None)
2025-01-25 11:58:41,888:INFO:Set up data.
2025-01-25 11:58:42,095:INFO:Initializing predict_model()
2025-01-25 11:58:42,095:INFO:predict_model(self=<pycaret.clustering.oop.ClusteringExperiment object at 0x000002D3139E95D0>, estimator=Pipeline(memory=Memory(location=None),
         steps=[('numerical_imputer',
                 TransformerWrapper(include=[], transformer=SimpleImputer())),
                ('categorical_imputer',
                 TransformerWrapper(include=['age', 'edu_level', 'fav_animals',
                                             'fav_place', 'gender'],
                                    transformer=SimpleImputer(strategy='most_frequent'))),
                ('ordinal_encoding',
                 TransformerWrapper(include=['gender'],
                                    transfo...
                                                               mapping=[{'col': 'gender',
                                                                         'data_type': dtype('O'),
                                                                         'mapping': Kobieta      0
Mê¿czyzna    1
NaN         -1
dtype: int64}]))),
                ('onehot_encoding',
                 TransformerWrapper(include=['age', 'edu_level', 'fav_animals',
                                             'fav_place'],
                                    transformer=OneHotEncoder(cols=['age',
                                                                    'edu_level',
                                                                    'fav_animals',
                                                                    'fav_place'],
                                                              handle_missing='return_nan',
                                                              use_cat_names=True))),
                ('trained_model', KMeans(random_state=123))]), ml_usecase=None)
2025-01-25 11:58:42,095:INFO:Set up data.
2025-01-25 11:58:49,758:INFO:Initializing predict_model()
2025-01-25 11:58:49,758:INFO:predict_model(self=<pycaret.clustering.oop.ClusteringExperiment object at 0x000002D316E61C50>, estimator=Pipeline(memory=Memory(location=None),
         steps=[('numerical_imputer',
                 TransformerWrapper(include=[], transformer=SimpleImputer())),
                ('categorical_imputer',
                 TransformerWrapper(include=['age', 'edu_level', 'fav_animals',
                                             'fav_place', 'gender'],
                                    transformer=SimpleImputer(strategy='most_frequent'))),
                ('ordinal_encoding',
                 TransformerWrapper(include=['gender'],
                                    transfo...
                                                               mapping=[{'col': 'gender',
                                                                         'data_type': dtype('O'),
                                                                         'mapping': Kobieta      0
Mê¿czyzna    1
NaN         -1
dtype: int64}]))),
                ('onehot_encoding',
                 TransformerWrapper(include=['age', 'edu_level', 'fav_animals',
                                             'fav_place'],
                                    transformer=OneHotEncoder(cols=['age',
                                                                    'edu_level',
                                                                    'fav_animals',
                                                                    'fav_place'],
                                                              handle_missing='return_nan',
                                                              use_cat_names=True))),
                ('trained_model', KMeans(random_state=123))]), ml_usecase=None)
2025-01-25 11:58:49,758:INFO:Set up data.
2025-01-25 11:58:55,403:INFO:Initializing predict_model()
2025-01-25 11:58:55,403:INFO:predict_model(self=<pycaret.clustering.oop.ClusteringExperiment object at 0x000002D3136882D0>, estimator=Pipeline(memory=Memory(location=None),
         steps=[('numerical_imputer',
                 TransformerWrapper(include=[], transformer=SimpleImputer())),
                ('categorical_imputer',
                 TransformerWrapper(include=['age', 'edu_level', 'fav_animals',
                                             'fav_place', 'gender'],
                                    transformer=SimpleImputer(strategy='most_frequent'))),
                ('ordinal_encoding',
                 TransformerWrapper(include=['gender'],
                                    transfo...
                                                               mapping=[{'col': 'gender',
                                                                         'data_type': dtype('O'),
                                                                         'mapping': Kobieta      0
Mê¿czyzna    1
NaN         -1
dtype: int64}]))),
                ('onehot_encoding',
                 TransformerWrapper(include=['age', 'edu_level', 'fav_animals',
                                             'fav_place'],
                                    transformer=OneHotEncoder(cols=['age',
                                                                    'edu_level',
                                                                    'fav_animals',
                                                                    'fav_place'],
                                                              handle_missing='return_nan',
                                                              use_cat_names=True))),
                ('trained_model', KMeans(random_state=123))]), ml_usecase=None)
2025-01-25 11:58:55,403:INFO:Set up data.
2025-01-25 11:58:59,866:INFO:Initializing predict_model()
2025-01-25 11:58:59,866:INFO:predict_model(self=<pycaret.clustering.oop.ClusteringExperiment object at 0x000002D315CAE610>, estimator=Pipeline(memory=Memory(location=None),
         steps=[('numerical_imputer',
                 TransformerWrapper(include=[], transformer=SimpleImputer())),
                ('categorical_imputer',
                 TransformerWrapper(include=['age', 'edu_level', 'fav_animals',
                                             'fav_place', 'gender'],
                                    transformer=SimpleImputer(strategy='most_frequent'))),
                ('ordinal_encoding',
                 TransformerWrapper(include=['gender'],
                                    transfo...
                                                               mapping=[{'col': 'gender',
                                                                         'data_type': dtype('O'),
                                                                         'mapping': Kobieta      0
Mê¿czyzna    1
NaN         -1
dtype: int64}]))),
                ('onehot_encoding',
                 TransformerWrapper(include=['age', 'edu_level', 'fav_animals',
                                             'fav_place'],
                                    transformer=OneHotEncoder(cols=['age',
                                                                    'edu_level',
                                                                    'fav_animals',
                                                                    'fav_place'],
                                                              handle_missing='return_nan',
                                                              use_cat_names=True))),
                ('trained_model', KMeans(random_state=123))]), ml_usecase=None)
2025-01-25 11:58:59,866:INFO:Set up data.
2025-01-25 11:59:05,686:INFO:Initializing predict_model()
2025-01-25 11:59:05,686:INFO:predict_model(self=<pycaret.clustering.oop.ClusteringExperiment object at 0x000002D316D69E10>, estimator=Pipeline(memory=Memory(location=None),
         steps=[('numerical_imputer',
                 TransformerWrapper(include=[], transformer=SimpleImputer())),
                ('categorical_imputer',
                 TransformerWrapper(include=['age', 'edu_level', 'fav_animals',
                                             'fav_place', 'gender'],
                                    transformer=SimpleImputer(strategy='most_frequent'))),
                ('ordinal_encoding',
                 TransformerWrapper(include=['gender'],
                                    transfo...
                                                               mapping=[{'col': 'gender',
                                                                         'data_type': dtype('O'),
                                                                         'mapping': Kobieta      0
Mê¿czyzna    1
NaN         -1
dtype: int64}]))),
                ('onehot_encoding',
                 TransformerWrapper(include=['age', 'edu_level', 'fav_animals',
                                             'fav_place'],
                                    transformer=OneHotEncoder(cols=['age',
                                                                    'edu_level',
                                                                    'fav_animals',
                                                                    'fav_place'],
                                                              handle_missing='return_nan',
                                                              use_cat_names=True))),
                ('trained_model', KMeans(random_state=123))]), ml_usecase=None)
2025-01-25 11:59:05,686:INFO:Set up data.
2025-01-25 12:10:34,099:INFO:Initializing predict_model()
2025-01-25 12:10:34,099:INFO:predict_model(self=<pycaret.clustering.oop.ClusteringExperiment object at 0x000002D313682150>, estimator=Pipeline(memory=Memory(location=None),
         steps=[('numerical_imputer',
                 TransformerWrapper(include=[], transformer=SimpleImputer())),
                ('categorical_imputer',
                 TransformerWrapper(include=['age', 'edu_level', 'fav_animals',
                                             'fav_place', 'gender'],
                                    transformer=SimpleImputer(strategy='most_frequent'))),
                ('ordinal_encoding',
                 TransformerWrapper(include=['gender'],
                                    transfo...
                                                               mapping=[{'col': 'gender',
                                                                         'data_type': dtype('O'),
                                                                         'mapping': Kobieta      0
Mê¿czyzna    1
NaN         -1
dtype: int64}]))),
                ('onehot_encoding',
                 TransformerWrapper(include=['age', 'edu_level', 'fav_animals',
                                             'fav_place'],
                                    transformer=OneHotEncoder(cols=['age',
                                                                    'edu_level',
                                                                    'fav_animals',
                                                                    'fav_place'],
                                                              handle_missing='return_nan',
                                                              use_cat_names=True))),
                ('trained_model', KMeans(random_state=123))]), ml_usecase=None)
2025-01-25 12:10:34,099:INFO:Set up data.
2025-01-25 12:10:39,454:INFO:Initializing predict_model()
2025-01-25 12:10:39,454:INFO:predict_model(self=<pycaret.clustering.oop.ClusteringExperiment object at 0x000002D369C35E10>, estimator=Pipeline(memory=Memory(location=None),
         steps=[('numerical_imputer',
                 TransformerWrapper(include=[], transformer=SimpleImputer())),
                ('categorical_imputer',
                 TransformerWrapper(include=['age', 'edu_level', 'fav_animals',
                                             'fav_place', 'gender'],
                                    transformer=SimpleImputer(strategy='most_frequent'))),
                ('ordinal_encoding',
                 TransformerWrapper(include=['gender'],
                                    transfo...
                                                               mapping=[{'col': 'gender',
                                                                         'data_type': dtype('O'),
                                                                         'mapping': Kobieta      0
Mê¿czyzna    1
NaN         -1
dtype: int64}]))),
                ('onehot_encoding',
                 TransformerWrapper(include=['age', 'edu_level', 'fav_animals',
                                             'fav_place'],
                                    transformer=OneHotEncoder(cols=['age',
                                                                    'edu_level',
                                                                    'fav_animals',
                                                                    'fav_place'],
                                                              handle_missing='return_nan',
                                                              use_cat_names=True))),
                ('trained_model', KMeans(random_state=123))]), ml_usecase=None)
2025-01-25 12:10:39,454:INFO:Set up data.
2025-01-25 12:18:07,598:INFO:Initializing predict_model()
2025-01-25 12:18:07,598:INFO:predict_model(self=<pycaret.clustering.oop.ClusteringExperiment object at 0x000002D318DAADD0>, estimator=Pipeline(memory=Memory(location=None),
         steps=[('numerical_imputer',
                 TransformerWrapper(include=[], transformer=SimpleImputer())),
                ('categorical_imputer',
                 TransformerWrapper(include=['age', 'edu_level', 'fav_animals',
                                             'fav_place', 'gender'],
                                    transformer=SimpleImputer(strategy='most_frequent'))),
                ('ordinal_encoding',
                 TransformerWrapper(include=['gender'],
                                    transfo...
                                                               mapping=[{'col': 'gender',
                                                                         'data_type': dtype('O'),
                                                                         'mapping': Kobieta      0
Mê¿czyzna    1
NaN         -1
dtype: int64}]))),
                ('onehot_encoding',
                 TransformerWrapper(include=['age', 'edu_level', 'fav_animals',
                                             'fav_place'],
                                    transformer=OneHotEncoder(cols=['age',
                                                                    'edu_level',
                                                                    'fav_animals',
                                                                    'fav_place'],
                                                              handle_missing='return_nan',
                                                              use_cat_names=True))),
                ('trained_model', KMeans(random_state=123))]), ml_usecase=None)
2025-01-25 12:18:07,598:INFO:Set up data.
2025-01-25 12:18:11,132:INFO:Initializing predict_model()
2025-01-25 12:18:11,132:INFO:predict_model(self=<pycaret.clustering.oop.ClusteringExperiment object at 0x000002D319299C90>, estimator=Pipeline(memory=Memory(location=None),
         steps=[('numerical_imputer',
                 TransformerWrapper(include=[], transformer=SimpleImputer())),
                ('categorical_imputer',
                 TransformerWrapper(include=['age', 'edu_level', 'fav_animals',
                                             'fav_place', 'gender'],
                                    transformer=SimpleImputer(strategy='most_frequent'))),
                ('ordinal_encoding',
                 TransformerWrapper(include=['gender'],
                                    transfo...
                                                               mapping=[{'col': 'gender',
                                                                         'data_type': dtype('O'),
                                                                         'mapping': Kobieta      0
Mê¿czyzna    1
NaN         -1
dtype: int64}]))),
                ('onehot_encoding',
                 TransformerWrapper(include=['age', 'edu_level', 'fav_animals',
                                             'fav_place'],
                                    transformer=OneHotEncoder(cols=['age',
                                                                    'edu_level',
                                                                    'fav_animals',
                                                                    'fav_place'],
                                                              handle_missing='return_nan',
                                                              use_cat_names=True))),
                ('trained_model', KMeans(random_state=123))]), ml_usecase=None)
2025-01-25 12:18:11,132:INFO:Set up data.
2025-01-25 12:18:16,612:INFO:Initializing predict_model()
2025-01-25 12:18:16,612:INFO:predict_model(self=<pycaret.clustering.oop.ClusteringExperiment object at 0x000002D315C3DD90>, estimator=Pipeline(memory=Memory(location=None),
         steps=[('numerical_imputer',
                 TransformerWrapper(include=[], transformer=SimpleImputer())),
                ('categorical_imputer',
                 TransformerWrapper(include=['age', 'edu_level', 'fav_animals',
                                             'fav_place', 'gender'],
                                    transformer=SimpleImputer(strategy='most_frequent'))),
                ('ordinal_encoding',
                 TransformerWrapper(include=['gender'],
                                    transfo...
                                                               mapping=[{'col': 'gender',
                                                                         'data_type': dtype('O'),
                                                                         'mapping': Kobieta      0
Mê¿czyzna    1
NaN         -1
dtype: int64}]))),
                ('onehot_encoding',
                 TransformerWrapper(include=['age', 'edu_level', 'fav_animals',
                                             'fav_place'],
                                    transformer=OneHotEncoder(cols=['age',
                                                                    'edu_level',
                                                                    'fav_animals',
                                                                    'fav_place'],
                                                              handle_missing='return_nan',
                                                              use_cat_names=True))),
                ('trained_model', KMeans(random_state=123))]), ml_usecase=None)
2025-01-25 12:18:16,612:INFO:Set up data.
2025-01-25 13:06:10,387:INFO:Initializing predict_model()
2025-01-25 13:06:10,388:INFO:predict_model(self=<pycaret.clustering.oop.ClusteringExperiment object at 0x000002D313867AD0>, estimator=Pipeline(memory=Memory(location=None),
         steps=[('numerical_imputer',
                 TransformerWrapper(include=[], transformer=SimpleImputer())),
                ('categorical_imputer',
                 TransformerWrapper(include=['age', 'edu_level', 'fav_animals',
                                             'fav_place', 'gender'],
                                    transformer=SimpleImputer(strategy='most_frequent'))),
                ('ordinal_encoding',
                 TransformerWrapper(include=['gender'],
                                    transfo...
                                                               mapping=[{'col': 'gender',
                                                                         'data_type': dtype('O'),
                                                                         'mapping': Kobieta      0
Mê¿czyzna    1
NaN         -1
dtype: int64}]))),
                ('onehot_encoding',
                 TransformerWrapper(include=['age', 'edu_level', 'fav_animals',
                                             'fav_place'],
                                    transformer=OneHotEncoder(cols=['age',
                                                                    'edu_level',
                                                                    'fav_animals',
                                                                    'fav_place'],
                                                              handle_missing='return_nan',
                                                              use_cat_names=True))),
                ('trained_model', KMeans(random_state=123))]), ml_usecase=None)
2025-01-25 13:06:10,388:INFO:Set up data.
2025-01-25 13:37:46,221:INFO:Initializing predict_model()
2025-01-25 13:37:46,222:INFO:predict_model(self=<pycaret.clustering.oop.ClusteringExperiment object at 0x000002D317B2BC90>, estimator=Pipeline(memory=Memory(location=None),
         steps=[('numerical_imputer',
                 TransformerWrapper(include=[], transformer=SimpleImputer())),
                ('categorical_imputer',
                 TransformerWrapper(include=['age', 'edu_level', 'fav_animals',
                                             'fav_place', 'gender'],
                                    transformer=SimpleImputer(strategy='most_frequent'))),
                ('ordinal_encoding',
                 TransformerWrapper(include=['gender'],
                                    transfo...
                                                               mapping=[{'col': 'gender',
                                                                         'data_type': dtype('O'),
                                                                         'mapping': Kobieta      0
Mê¿czyzna    1
NaN         -1
dtype: int64}]))),
                ('onehot_encoding',
                 TransformerWrapper(include=['age', 'edu_level', 'fav_animals',
                                             'fav_place'],
                                    transformer=OneHotEncoder(cols=['age',
                                                                    'edu_level',
                                                                    'fav_animals',
                                                                    'fav_place'],
                                                              handle_missing='return_nan',
                                                              use_cat_names=True))),
                ('trained_model', KMeans(random_state=123))]), ml_usecase=None)
2025-01-25 13:37:46,222:INFO:Set up data.
2025-01-25 13:37:54,634:INFO:Initializing predict_model()
2025-01-25 13:37:54,634:INFO:predict_model(self=<pycaret.clustering.oop.ClusteringExperiment object at 0x000002D316D20B10>, estimator=Pipeline(memory=Memory(location=None),
         steps=[('numerical_imputer',
                 TransformerWrapper(include=[], transformer=SimpleImputer())),
                ('categorical_imputer',
                 TransformerWrapper(include=['age', 'edu_level', 'fav_animals',
                                             'fav_place', 'gender'],
                                    transformer=SimpleImputer(strategy='most_frequent'))),
                ('ordinal_encoding',
                 TransformerWrapper(include=['gender'],
                                    transfo...
                                                               mapping=[{'col': 'gender',
                                                                         'data_type': dtype('O'),
                                                                         'mapping': Kobieta      0
Mê¿czyzna    1
NaN         -1
dtype: int64}]))),
                ('onehot_encoding',
                 TransformerWrapper(include=['age', 'edu_level', 'fav_animals',
                                             'fav_place'],
                                    transformer=OneHotEncoder(cols=['age',
                                                                    'edu_level',
                                                                    'fav_animals',
                                                                    'fav_place'],
                                                              handle_missing='return_nan',
                                                              use_cat_names=True))),
                ('trained_model', KMeans(random_state=123))]), ml_usecase=None)
2025-01-25 13:37:54,634:INFO:Set up data.
2025-01-25 13:37:59,027:INFO:Initializing predict_model()
2025-01-25 13:37:59,027:INFO:predict_model(self=<pycaret.clustering.oop.ClusteringExperiment object at 0x000002D36D914FD0>, estimator=Pipeline(memory=Memory(location=None),
         steps=[('numerical_imputer',
                 TransformerWrapper(include=[], transformer=SimpleImputer())),
                ('categorical_imputer',
                 TransformerWrapper(include=['age', 'edu_level', 'fav_animals',
                                             'fav_place', 'gender'],
                                    transformer=SimpleImputer(strategy='most_frequent'))),
                ('ordinal_encoding',
                 TransformerWrapper(include=['gender'],
                                    transfo...
                                                               mapping=[{'col': 'gender',
                                                                         'data_type': dtype('O'),
                                                                         'mapping': Kobieta      0
Mê¿czyzna    1
NaN         -1
dtype: int64}]))),
                ('onehot_encoding',
                 TransformerWrapper(include=['age', 'edu_level', 'fav_animals',
                                             'fav_place'],
                                    transformer=OneHotEncoder(cols=['age',
                                                                    'edu_level',
                                                                    'fav_animals',
                                                                    'fav_place'],
                                                              handle_missing='return_nan',
                                                              use_cat_names=True))),
                ('trained_model', KMeans(random_state=123))]), ml_usecase=None)
2025-01-25 13:37:59,027:INFO:Set up data.
2025-01-25 13:45:25,098:INFO:Initializing predict_model()
2025-01-25 13:45:25,098:INFO:predict_model(self=<pycaret.clustering.oop.ClusteringExperiment object at 0x000002D319603150>, estimator=Pipeline(memory=Memory(location=None),
         steps=[('numerical_imputer',
                 TransformerWrapper(include=[], transformer=SimpleImputer())),
                ('categorical_imputer',
                 TransformerWrapper(include=['age', 'edu_level', 'fav_animals',
                                             'fav_place', 'gender'],
                                    transformer=SimpleImputer(strategy='most_frequent'))),
                ('ordinal_encoding',
                 TransformerWrapper(include=['gender'],
                                    transfo...
                                                               mapping=[{'col': 'gender',
                                                                         'data_type': dtype('O'),
                                                                         'mapping': Kobieta      0
Mê¿czyzna    1
NaN         -1
dtype: int64}]))),
                ('onehot_encoding',
                 TransformerWrapper(include=['age', 'edu_level', 'fav_animals',
                                             'fav_place'],
                                    transformer=OneHotEncoder(cols=['age',
                                                                    'edu_level',
                                                                    'fav_animals',
                                                                    'fav_place'],
                                                              handle_missing='return_nan',
                                                              use_cat_names=True))),
                ('trained_model', KMeans(random_state=123))]), ml_usecase=None)
2025-01-25 13:45:25,098:INFO:Set up data.
2025-01-25 13:45:35,244:INFO:Initializing predict_model()
2025-01-25 13:45:35,244:INFO:predict_model(self=<pycaret.clustering.oop.ClusteringExperiment object at 0x000002D31A7AE8D0>, estimator=Pipeline(memory=Memory(location=None),
         steps=[('numerical_imputer',
                 TransformerWrapper(include=[], transformer=SimpleImputer())),
                ('categorical_imputer',
                 TransformerWrapper(include=['age', 'edu_level', 'fav_animals',
                                             'fav_place', 'gender'],
                                    transformer=SimpleImputer(strategy='most_frequent'))),
                ('ordinal_encoding',
                 TransformerWrapper(include=['gender'],
                                    transfo...
                                                               mapping=[{'col': 'gender',
                                                                         'data_type': dtype('O'),
                                                                         'mapping': Kobieta      0
Mê¿czyzna    1
NaN         -1
dtype: int64}]))),
                ('onehot_encoding',
                 TransformerWrapper(include=['age', 'edu_level', 'fav_animals',
                                             'fav_place'],
                                    transformer=OneHotEncoder(cols=['age',
                                                                    'edu_level',
                                                                    'fav_animals',
                                                                    'fav_place'],
                                                              handle_missing='return_nan',
                                                              use_cat_names=True))),
                ('trained_model', KMeans(random_state=123))]), ml_usecase=None)
2025-01-25 13:45:35,244:INFO:Set up data.
2025-01-25 13:45:37,786:INFO:Initializing predict_model()
2025-01-25 13:45:37,786:INFO:predict_model(self=<pycaret.clustering.oop.ClusteringExperiment object at 0x000002D317B90AD0>, estimator=Pipeline(memory=Memory(location=None),
         steps=[('numerical_imputer',
                 TransformerWrapper(include=[], transformer=SimpleImputer())),
                ('categorical_imputer',
                 TransformerWrapper(include=['age', 'edu_level', 'fav_animals',
                                             'fav_place', 'gender'],
                                    transformer=SimpleImputer(strategy='most_frequent'))),
                ('ordinal_encoding',
                 TransformerWrapper(include=['gender'],
                                    transfo...
                                                               mapping=[{'col': 'gender',
                                                                         'data_type': dtype('O'),
                                                                         'mapping': Kobieta      0
Mê¿czyzna    1
NaN         -1
dtype: int64}]))),
                ('onehot_encoding',
                 TransformerWrapper(include=['age', 'edu_level', 'fav_animals',
                                             'fav_place'],
                                    transformer=OneHotEncoder(cols=['age',
                                                                    'edu_level',
                                                                    'fav_animals',
                                                                    'fav_place'],
                                                              handle_missing='return_nan',
                                                              use_cat_names=True))),
                ('trained_model', KMeans(random_state=123))]), ml_usecase=None)
2025-01-25 13:45:37,786:INFO:Set up data.
2025-01-25 13:45:38,689:INFO:Initializing predict_model()
2025-01-25 13:45:38,689:INFO:predict_model(self=<pycaret.clustering.oop.ClusteringExperiment object at 0x000002D3170DF310>, estimator=Pipeline(memory=Memory(location=None),
         steps=[('numerical_imputer',
                 TransformerWrapper(include=[], transformer=SimpleImputer())),
                ('categorical_imputer',
                 TransformerWrapper(include=['age', 'edu_level', 'fav_animals',
                                             'fav_place', 'gender'],
                                    transformer=SimpleImputer(strategy='most_frequent'))),
                ('ordinal_encoding',
                 TransformerWrapper(include=['gender'],
                                    transfo...
                                                               mapping=[{'col': 'gender',
                                                                         'data_type': dtype('O'),
                                                                         'mapping': Kobieta      0
Mê¿czyzna    1
NaN         -1
dtype: int64}]))),
                ('onehot_encoding',
                 TransformerWrapper(include=['age', 'edu_level', 'fav_animals',
                                             'fav_place'],
                                    transformer=OneHotEncoder(cols=['age',
                                                                    'edu_level',
                                                                    'fav_animals',
                                                                    'fav_place'],
                                                              handle_missing='return_nan',
                                                              use_cat_names=True))),
                ('trained_model', KMeans(random_state=123))]), ml_usecase=None)
2025-01-25 13:45:38,689:INFO:Set up data.
2025-01-25 13:45:40,632:INFO:Initializing predict_model()
2025-01-25 13:45:40,632:INFO:predict_model(self=<pycaret.clustering.oop.ClusteringExperiment object at 0x000002D31910C890>, estimator=Pipeline(memory=Memory(location=None),
         steps=[('numerical_imputer',
                 TransformerWrapper(include=[], transformer=SimpleImputer())),
                ('categorical_imputer',
                 TransformerWrapper(include=['age', 'edu_level', 'fav_animals',
                                             'fav_place', 'gender'],
                                    transformer=SimpleImputer(strategy='most_frequent'))),
                ('ordinal_encoding',
                 TransformerWrapper(include=['gender'],
                                    transfo...
                                                               mapping=[{'col': 'gender',
                                                                         'data_type': dtype('O'),
                                                                         'mapping': Kobieta      0
Mê¿czyzna    1
NaN         -1
dtype: int64}]))),
                ('onehot_encoding',
                 TransformerWrapper(include=['age', 'edu_level', 'fav_animals',
                                             'fav_place'],
                                    transformer=OneHotEncoder(cols=['age',
                                                                    'edu_level',
                                                                    'fav_animals',
                                                                    'fav_place'],
                                                              handle_missing='return_nan',
                                                              use_cat_names=True))),
                ('trained_model', KMeans(random_state=123))]), ml_usecase=None)
2025-01-25 13:45:40,632:INFO:Set up data.
2025-01-25 13:45:42,627:INFO:Initializing predict_model()
2025-01-25 13:45:42,627:INFO:predict_model(self=<pycaret.clustering.oop.ClusteringExperiment object at 0x000002D318DC5010>, estimator=Pipeline(memory=Memory(location=None),
         steps=[('numerical_imputer',
                 TransformerWrapper(include=[], transformer=SimpleImputer())),
                ('categorical_imputer',
                 TransformerWrapper(include=['age', 'edu_level', 'fav_animals',
                                             'fav_place', 'gender'],
                                    transformer=SimpleImputer(strategy='most_frequent'))),
                ('ordinal_encoding',
                 TransformerWrapper(include=['gender'],
                                    transfo...
                                                               mapping=[{'col': 'gender',
                                                                         'data_type': dtype('O'),
                                                                         'mapping': Kobieta      0
Mê¿czyzna    1
NaN         -1
dtype: int64}]))),
                ('onehot_encoding',
                 TransformerWrapper(include=['age', 'edu_level', 'fav_animals',
                                             'fav_place'],
                                    transformer=OneHotEncoder(cols=['age',
                                                                    'edu_level',
                                                                    'fav_animals',
                                                                    'fav_place'],
                                                              handle_missing='return_nan',
                                                              use_cat_names=True))),
                ('trained_model', KMeans(random_state=123))]), ml_usecase=None)
2025-01-25 13:45:42,627:INFO:Set up data.
2025-01-25 13:45:44,480:INFO:Initializing predict_model()
2025-01-25 13:45:44,480:INFO:predict_model(self=<pycaret.clustering.oop.ClusteringExperiment object at 0x000002D317190B10>, estimator=Pipeline(memory=Memory(location=None),
         steps=[('numerical_imputer',
                 TransformerWrapper(include=[], transformer=SimpleImputer())),
                ('categorical_imputer',
                 TransformerWrapper(include=['age', 'edu_level', 'fav_animals',
                                             'fav_place', 'gender'],
                                    transformer=SimpleImputer(strategy='most_frequent'))),
                ('ordinal_encoding',
                 TransformerWrapper(include=['gender'],
                                    transfo...
                                                               mapping=[{'col': 'gender',
                                                                         'data_type': dtype('O'),
                                                                         'mapping': Kobieta      0
Mê¿czyzna    1
NaN         -1
dtype: int64}]))),
                ('onehot_encoding',
                 TransformerWrapper(include=['age', 'edu_level', 'fav_animals',
                                             'fav_place'],
                                    transformer=OneHotEncoder(cols=['age',
                                                                    'edu_level',
                                                                    'fav_animals',
                                                                    'fav_place'],
                                                              handle_missing='return_nan',
                                                              use_cat_names=True))),
                ('trained_model', KMeans(random_state=123))]), ml_usecase=None)
2025-01-25 13:45:44,482:INFO:Set up data.
